Season,TeamName,Size,SizeRank,Hgt5,Hgt5Rank,Hgt4,Hgt4Rank,Hgt3,Hgt3Rank,Hgt2,Hgt2Rank,Hgt1,Hgt1Rank,HgtEff,HgtEffRank,Exp,ExpRank,Bench,BenchRank,Pts5,Pts5Rank,Pts4,Pts4Rank,Pts3,Pts3Rank,Pts2,Pts2Rank,Pts1,Pts1Rank,OR5,OR5Rank,OR4,OR4Rank,OR3,OR3Rank,OR2,OR2Rank,OR1,OR1Rank,DR5,DR5Rank,DR4,DR4Rank,DR3,DR3Rank,DR2,DR2Rank,DR1,DR1Rank
2022,Abilene Christian,74.28,358,-1.71,344,-2.08,355,-2.75,356,-3.16,358,-3.7,353,-1.89,355,2.43,44,33.72,117,20.03,168,26.21,18,22.01,88,18.93,227,12.81,349,24.35,330,32.28,80,12.05,281,13.92,108,17.4,10,24.12,224,30.26,20,15.97,297,14.02,282,15.63,113
2022,Air Force,76.98,167,-0.32,207,-1.8,349,-0.24,208,0.84,76,1.66,46,-1.06,313,1.04,342,30.07,195,17.04,271,17.19,284,18.95,200,20.18,182,26.64,31,30.57,268,18.45,308,18.01,146,22.69,16,10.27,96,31.75,37,22.34,213,15.89,302,16.89,167,13.13,230
2022,Akron,76.44,252,-0.02,169,0.27,128,-0.78,276,-1.98,344,-0.07,188,0.12,150,1.17,321,26.09,283,21.13,134,24.27,40,16.14,295,18.67,235,19.79,185,20.84,347,44.11,4,15.8,203,7.51,290,11.73,67,15.7,356,36.17,2,15.33,313,14.57,263,18.23,38
2022,Alabama,77.11,147,0.64,99,-0.63,252,0.21,134,-0.16,185,0.71,115,0,167,1.65,239,29.55,213,19.14,194,17.15,286,18.65,209,21.69,120,23.37,86,33.44,225,27.94,150,19.35,118,13.51,115,5.76,276,19.83,336,21.06,265,22.5,66,21.14,34,15.48,124
2022,Alabama A&M,76.62,228,-0.41,217,0.17,155,0.57,101,-1.43,318,-0.57,245,-0.12,184,1.72,229,27.3,258,17.25,266,29.43,6,16.78,278,12.61,354,23.91,76,29.04,286,28.46,147,17.98,147,16.82,56,7.67,182,21.35,312,25,117,21.62,85,16.35,188,15.66,112
2022,Alabama State,76.68,219,-1.16,294,0.28,126,0.64,92,-0.54,245,-0.62,249,-0.44,227,1.11,334,37.17,51,21.55,123,20.97,132,19.05,191,20.25,176,18.13,245,22.77,340,35.54,45,19.73,108,12.61,136,9.28,122,29.69,67,22.43,209,19.49,170,16.91,164,11.43,310
2022,Albany (NY),77.49,92,-0.23,195,-0.57,248,-0.4,232,0.84,76,3.06,6,-0.4,224,2.38,62,34.88,88,18.95,200,23.95,46,14.14,332,18.95,223,24.01,74,42.41,67,22.59,249,15.66,206,12.16,147,7.18,210,25.88,163,29.92,21,14.3,337,13.78,289,16.13,98
2022,Alcorn State,75.94,318,-1.16,294,0.25,130,-0.29,215,-2.49,353,-1.37,296,-0.46,230,1.83,195,40.27,21,23.08,82,20.21,159,18.52,212,20.44,169,17.7,262,33.87,218,23.71,227,23.05,62,9.73,216,9.58,110,26.08,152,21.73,243,22.53,65,14.31,274,15.3,132
2022,American,76.69,215,-0.16,177,0.66,83,0.07,171,-0.02,168,-1.87,320,0.25,132,1.64,244,30.16,192,22.74,89,17.87,260,18.36,221,23.37,69,17.62,264,31.48,258,31.34,99,19.12,122,10.6,181,7.41,196,25.98,157,21.29,259,22.55,64,18.33,111,11.82,294
2022,Appalachian State,76.43,255,0.2,146,-0.49,242,-1.18,318,-0.69,260,-0.47,232,-0.15,186,2.46,38,21.05,342,13.67,342,17.59,267,24.01,38,25.63,29,19.07,213,37.33,149,39.91,13,11.93,282,5.66,339,5.12,304,18.4,348,22.09,224,23.55,49,20.25,52,15.68,111
2022,Arizona,79.41,2,3.49,4,2.97,1,1.45,33,1.82,22,2.56,11,3.23,1,0.52,355,29.21,221,22.68,91,22.5,80,20.7,132,18.21,255,15.91,303,39.24,113,26.29,179,15.85,201,12.73,133,5.88,268,26.84,131,23.19,181,19.07,184,18.19,121,12.71,251
2022,Arizona State,76.78,196,0.15,150,0.35,116,-0.61,256,-1.05,295,0.28,159,0.25,131,1.74,220,33.17,128,13.82,337,18.8,224,19.41,170,22.91,83,25.05,54,36.51,163,23.44,238,21.18,85,10.32,192,8.55,144,23.48,249,22.51,205,20.71,119,17.84,133,15.46,125
2022,Arkansas,76.68,218,0.2,145,-0.8,272,1.06,60,0.23,151,-2.07,326,-0.3,211,2.32,71,23.69,313,17.29,260,17.33,278,19.07,188,20.04,188,26.27,35,28.27,294,22.24,256,28.79,12,14.85,90,5.86,272,37.71,4,16.82,337,15.81,303,16.32,192,13.34,219
2022,Arkansas-Pine Bluff,76.37,269,-1.09,290,-1.57,339,-0.89,286,0.12,159,0.48,139,-1.33,337,2.15,114,36.48,64,13.84,336,15.09,327,23.3,57,21.11,141,26.64,30,25.87,316,27.72,156,21.81,80,15.65,79,8.94,134,23.65,240,28.56,39,16.43,282,18.3,113,13.03,233
2022,Arkansas State,75.86,328,-0.84,264,-0.38,232,-2.76,357,-1.16,301,-0.35,220,-0.61,256,1.43,284,27.45,254,15.22,312,30.18,3,17.68,248,22.16,106,14.76,324,25.07,322,52.38,1,9.63,322,6.58,315,6.34,244,17.49,353,39.14,1,14.28,338,14.06,280,15.03,146
2022,Army,75.4,348,0.09,158,-0.7,261,-2.51,354,-2.21,348,-2.42,340,-0.31,214,1.53,273,29.52,214,17.93,236,18.52,232,16.13,296,18.53,239,28.89,13,40.84,96,27.59,159,14.02,233,10.39,189,7.17,211,26.04,154,19.89,293,17.95,219,19.02,88,17.09,67
2022,Auburn,77.55,87,3.06,8,2.46,2,1.04,64,-2.19,347,-1.39,299,2.76,4,1.34,306,35.1,80,21,141,26.77,14,13.39,346,15.56,320,23.28,88,41.29,89,16.99,324,24.81,38,8.65,252,8.25,157,30.23,59,28.95,34,15.4,311,8.43,356,16.99,70
2022,Austin Peay,76.93,176,0.88,76,0.2,134,-0.2,203,0.2,153,-1.22,287,0.54,102,1.56,261,37.45,47,25.74,30,25.4,26,20.58,137,13.88,346,14.33,329,35.58,181,16.08,334,6.28,351,26.7,7,15.31,22,30.14,62,22.49,208,12.21,352,16.55,178,18.54,31
2022,BYU,76.77,199,-1.29,306,-0.8,272,0.5,108,0.14,157,0.54,130,-1.05,312,1.97,165,34.76,91,15.6,303,19.3,192,19.04,192,23.59,65,22.46,111,34.32,208,24.72,208,27.46,17,10.36,190,3.11,351,25.27,182,24.68,130,22.35,71,16,205,11.68,302
2022,Ball State,76.43,254,-0.24,196,0.48,101,-1.91,342,-1.23,311,0.28,159,0.12,151,0.9,347,26.38,276,23.72,71,21.65,107,21.11,113,16.68,299,16.76,288,47.21,30,17.55,317,20.96,89,10.86,178,3.34,347,29.43,73,21.55,249,17.91,224,18.55,103,12.49,264
2022,Baylor,77.62,81,0.35,131,1.82,17,1.74,24,-0.9,282,0.28,159,1.09,57,1.79,205,34.11,106,17.3,259,21.29,119,20.19,151,18.51,242,22.67,105,41.43,83,26.75,171,19.7,109,7.83,282,4.22,333,27.02,125,34.03,5,18.68,194,8.25,357,11.97,287
2022,Bellarmine,76.09,305,-1.05,284,-1.04,308,-1.63,334,-0.16,185,-0.44,229,-1.04,311,2.42,47,22.46,329,19.15,193,16.66,298,24.78,27,14.23,342,25.12,53,27.4,303,16.89,326,15.9,199,30.25,4,9.53,114,22.35,286,19.22,310,16.35,286,26.95,4,15.07,144
2022,Belmont,77.08,154,1.03,68,-0.75,267,0.45,112,-0.13,180,0.01,184,0.14,144,2,153,27.79,248,25.75,29,19.11,201,24.39,33,14.34,340,16.37,295,37.75,141,13.81,346,28.37,14,15.88,74,4.16,337,22.5,281,13.53,356,22.91,59,26.98,2,14.06,185
2022,Bethune-Cookman,76.09,307,-1.31,310,-1.78,348,-0.53,247,-0.35,221,-0.38,221,-1.55,346,2.1,129,33.48,122,12.44,351,28.85,7,18.79,203,18.25,254,21.66,131,19.99,351,22.71,246,16.96,176,26.08,8,14.24,31,20.9,319,24.91,122,15.6,307,18.98,91,19.59,18
2022,Binghamton,76.74,204,-0.35,210,-0.69,259,-0.37,225,-0.16,185,0.48,140,-0.52,239,2,157,36.97,54,17.41,252,18.8,225,15.76,306,22.74,91,25.26,48,37.85,137,29.86,123,14.75,220,6.32,321,11.18,80,23.3,255,23.44,172,24.31,31,12.69,319,16.21,95
2022,Boise State,78.46,15,0.39,124,0.67,81,2.07,11,2.52,10,1.87,33,0.53,103,2.41,51,27.14,263,16.43,285,18.99,209,23.74,47,19.18,209,21.64,135,41.58,82,19.02,303,19.28,120,13.55,114,6.53,234,25.03,194,15.76,346,20.72,118,20.39,49,18.07,43
2022,Boston College,77.45,96,1.36,41,0.93,63,-0.58,254,-0.51,239,1.28,70,1.14,50,1.74,224,26.25,278,21.23,132,21.88,99,17.94,235,20.54,165,18.4,233,43.62,54,31.1,105,13.15,260,5.84,332,6.29,249,31.73,38,23.07,186,16.48,278,14.99,249,13.73,197
2022,Boston University,77.55,86,0.37,128,0.16,157,0.4,117,0.79,95,1.28,70,0.26,129,2.47,36,29.56,212,24.62,48,16.95,289,24.75,28,19.35,202,14.28,330,53.72,8,21.55,268,13.65,247,5.44,343,5.57,283,34.16,15,19.38,306,19.11,182,16.27,193,11.03,326
2022,Bowling Green State,77.24,129,-0.86,265,-0.34,222,0.9,76,0.3,143,1.42,62,-0.6,254,2.16,112,40.51,18,22.44,96,17.97,257,24.63,29,22.7,92,12.23,353,33.23,229,19.29,299,25.86,24,8.33,263,13.26,41,23.12,264,22.5,207,23.31,51,18.47,106,12.58,261
2022,Bradley,77.98,47,0.79,90,1.62,25,0.45,113,-0.03,169,2.28,19,1.2,46,1.65,241,33.11,131,22.86,87,18.96,214,18.69,207,13.85,347,25.57,43,39.03,119,21.74,266,18.58,136,8.72,248,11.85,65,30.82,48,20.31,280,15.28,317,14.05,281,19.48,20
2022,Brown,76.48,247,-0.67,246,-1.36,330,0.07,151,0.28,146,-0.72,253,-1.01,305,1.74,223,34.55,99,18.83,208,14.2,340,25.05,21,19.3,204,22.61,107,35.4,188,22.2,257,24.58,40,12.04,151,5.79,274,30.2,61,20.02,288,29.25,6,12.21,330,8.31,354
2022,Bryant,76.93,175,-1.31,308,-1.21,320,0.07,151,1.03,64,1.3,68,-1.26,329,2.51,30,26.86,267,17.27,263,19.9,172,24.09,37,19.21,208,19.48,194,36.64,158,14,344,11.04,299,19.27,28,19.01,7,24.57,205,18.16,322,19.31,174,20.11,56,17.81,47
2022,Bucknell,77.95,51,1.42,33,1.78,19,0.37,122,0.24,149,1.15,90,1.6,21,1.58,256,28.8,230,24.77,42,14.7,331,22.47,73,24.14,49,13.89,337,49.89,15,27.68,158,4.52,358,11.43,162,6.45,238,31.27,44,24.87,123,15.8,304,12.74,317,15.3,133
2022,Buffalo,77.17,136,0.11,154,0.25,129,0.07,151,1.1,62,-0.44,230,0.18,137,2.52,29,25.71,289,15.54,305,19.32,191,16.99,272,26.08,20,22.02,123,30.3,274,35.05,54,16.64,184,11.72,156,6.24,251,26.33,146,27.6,54,16.82,264,17.06,158,12.11,278
2022,Butler,76.95,172,-0.42,219,-0.2,209,-0.22,204,-0.47,234,1.28,70,-0.31,215,1.95,173,32.96,134,18.92,204,19.08,204,20.64,135,22.93,80,18.37,234,32.59,243,31.38,97,25.22,31,6.37,320,4.35,330,17.93,349,27.06,70,25.12,20,15.8,212,14.02,188
2022,California Baptist,77.42,99,-0.71,254,-0.36,226,0.07,151,1.84,17,1.49,56,-0.54,244,1.55,265,26.08,284,24.07,62,19.11,202,17.49,254,20.13,184,19.18,205,40.51,99,21.08,271,22.87,65,10.22,195,5.29,296,33.68,18,18.81,317,18.49,200,17.75,135,11.24,320
2022,Cal Poly,77.01,161,-0.7,251,-0.29,217,1.07,48,1.59,32,-1.41,302,-0.5,235,1.34,305,29.28,220,26.48,24,16.01,314,18.04,231,20.28,174,19.13,206,32.83,238,17.44,319,16.97,175,21.43,19,11.25,76,22.19,289,20.5,278,16.8,266,21.59,29,18.85,26
2022,Cal State Bakersfield,76.22,287,-1.44,321,-0.64,253,-0.39,228,0.4,129,-1.59,308,-1.04,310,1.81,200,40.64,17,21.25,131,20.4,152,19.25,179,16.87,297,22.21,116,30.3,273,21.81,265,17.31,167,23.44,11,7.12,212,20.25,329,21.8,237,20.65,124,24.5,9,12.77,249
2022,Cal State Fullerton,76.43,256,-1.47,323,-0.15,203,-1.14,314,-0.73,265,0.85,108,-0.81,279,2.35,66,27.17,260,17.38,255,25.83,23,13.46,344,18.38,249,24.87,56,41.36,87,30.91,107,9.13,324,11.17,170,7.34,199,27.03,124,24.57,136,20.69,123,16.27,194,11.37,315
2022,Cal State Northridge,76.24,285,-1.67,340,-0.8,272,-0.47,240,-1.12,299,0.45,144,-1.23,326,2.16,110,39.46,25,20.87,144,14.26,339,15.91,303,20.2,180,28.74,15,18.62,353,36.25,34,26.22,21,9.13,234,9.75,107,24.16,220,24.25,146,21.35,96,19.23,78,10.98,328
2022,California,78.6,11,1.32,45,2.2,5,2.28,6,0.79,96,1.63,48,1.76,17,2.25,86,31.15,164,21.04,137,21.79,103,17.93,236,25.34,31,13.9,335,35.82,176,26.53,173,19.7,110,5.73,335,12.22,56,24.02,232,30.97,17,17.91,223,12.59,321,14.52,163
2022,Campbell,75.52,345,-1.03,282,-0.85,291,-1,308,-1.6,325,-2.71,343,-0.94,293,2.66,16,21.73,336,20.35,158,24.95,30,14.99,322,19.02,219,20.64,169,35.54,184,22.54,250,24.82,37,11.3,165,5.72,277,28.73,85,23.37,175,20.17,140,16.43,184,11.24,319
2022,Canisius,77.77,64,0.37,127,0.31,122,0.26,133,1.84,17,1.32,65,0.34,122,2.3,77,32.31,143,18.18,228,24.5,37,18.5,215,20.75,157,18.05,251,34.05,214,37.35,26,11.3,294,11.22,169,6.06,258,24.07,225,27.18,67,16.92,261,15.67,218,16.14,96
2022,Central Arkansas,77.65,76,-1.16,294,0.54,97,1.99,18,0.61,112,1.48,59,-0.31,216,1.18,319,30.97,170,14.46,326,19.84,174,26.55,12,20.8,155,18.32,238,22.77,341,23.64,230,23.31,56,21.19,20,9.04,132,19.33,341,21.1,264,29.76,4,17.85,131,11.93,288
2022,Central Connecticut State,75.34,350,-1.75,345,-0.8,272,-1.75,338,-2.1,345,-1.66,312,-1.28,331,1.16,324,36.62,61,18.69,215,18.15,247,19.7,160,17.55,275,25.9,40,42.34,71,26.34,176,10.87,301,8.92,240,11.54,70,23.88,234,27.98,48,19.62,166,12.93,315,15.59,114
2022,Central Michigan,77.09,152,1.75,28,-0.08,193,0.16,143,-0.45,231,-0.72,253,0.83,69,1.92,175,24.06,309,22.94,86,17.3,280,15,320,20.83,153,23.89,77,34.62,205,23.72,226,25.16,32,6.27,322,10.17,98,24.31,215,27.6,55,20.63,126,12.71,318,14.71,159
2022,College of Charleston,77.16,139,-0.31,206,-0.19,207,0.71,85,0.33,142,0.52,135,-0.25,205,1.42,291,38.3,37,11.59,357,20.82,139,22.83,68,23.59,64,21.17,144,34.78,202,24.77,206,19.36,117,16.25,66,4.83,313,23.61,242,22.14,221,21.93,80,20.93,39,11.39,312
2022,Charleston Southern,76.29,278,-0.74,257,-0.62,251,-1.28,321,-0.86,278,0.19,177,-0.68,268,1.44,283,31.84,152,22.04,111,18.46,234,19.09,187,23.01,78,17.34,273,32.56,245,28.89,144,19.61,115,8.68,251,10.2,97,17.86,351,24.61,132,21.38,94,16.88,168,19.22,24
2022,Charlotte,77.4,102,0.67,94,-0.31,218,0.17,140,1.17,59,0.52,134,0.18,136,2.02,147,25.15,298,15.65,301,18.06,251,18.07,229,18.52,241,29.71,9,34.26,211,9.99,355,23.94,46,18.73,35,13.08,45,17.9,350,9.45,358,20.24,138,26.95,3,25.46,1
2022,Chattanooga,77.01,160,-0.64,240,-0.54,246,0.15,147,1.01,68,0.3,158,-0.59,253,2.23,90,26.12,281,24.17,60,14.29,338,12.2,352,27.27,9,22.02,124,35.5,185,23.85,223,11.61,287,19.6,25,9.38,118,32.65,26,17.48,331,15.44,310,22.37,23,11.99,284
2022,Chicago State,75.68,338,-0.61,233,-1.27,321,-1.47,328,-1.93,341,-1.09,279,-0.94,292,1.55,263,35.18,77,12.76,349,23.01,67,21.68,98,19.69,195,22.87,100,28.8,290,35.09,53,18.68,134,8.09,274,9.34,121,24.9,197,28.32,43,20.57,127,11.35,347,14.86,154
2022,Cincinnati,77.37,107,2.39,16,1.02,60,0.2,136,-0.8,270,-0.72,253,1.71,18,2.17,104,35.58,70,14.17,329,21.81,102,18.38,220,19.16,212,26.47,32,37.76,140,33,73,18.53,137,6.38,318,4.31,331,29.5,71,24.3,144,18.47,201,13.45,301,14.26,171
2022,Clemson,76.41,259,0.33,134,-0.08,192,-1.16,316,-0.54,244,-1.26,290,0.13,147,1.95,172,34.89,87,26.51,23,16.6,300,19.8,157,18.52,240,18.57,228,32.64,241,36.94,31,17.86,149,7.96,279,4.57,322,24.25,217,23.37,176,27.05,11,15.33,231,9.98,344
2022,Cleveland State,76.86,184,-0.54,228,-1.52,337,-0.91,288,0.84,76,1.67,44,-1.03,308,2.87,2,26.37,277,14.41,328,23.51,53,15.17,316,25.74,27,21.11,149,32.48,249,17.71,315,22.15,76,12.68,135,14.91,29,25.91,162,23.95,155,19.9,154,14.87,253,15.31,131
2022,Coastal Carolina,78.24,32,-0.03,170,0.84,71,1.07,48,2.53,9,1.98,29,0.41,117,2.2,98,24.26,303,15.59,304,18.83,219,25.56,18,14.69,334,25.28,47,28.88,288,38.61,22,9.86,318,9.97,208,12.57,51,25.77,169,27.44,58,14.11,339,16.24,198,16.36,92
2022,Colgate,77.07,155,1.27,48,0.02,182,-0.02,183,-0.44,229,-0.24,204,0.65,85,2.45,41,24,310,21.59,121,16.78,293,19.84,156,19.73,194,22.06,120,47.41,28,23.85,222,10.28,309,9.31,228,9.15,127,25.22,184,19.3,308,23.09,54,19.22,80,13.16,228
2022,Colorado,78.33,27,1.08,66,1.72,22,2.24,7,0.56,116,1.28,70,1.4,35,1.26,316,33.85,114,19.39,188,22.11,92,21.09,116,14.8,332,22.55,110,24.41,328,33.12,72,23.77,48,11.13,171,7.49,193,19.28,342,30.86,18,20.56,128,15.63,219,13.59,205
2022,Colorado State,76.11,303,-0.66,244,-1.04,307,-0.25,210,-1.57,323,-0.72,253,-0.85,283,2.01,150,31.75,154,17.28,262,28.19,9,17.87,239,14.52,336,22.07,118,36.22,169,31.29,103,10.37,306,14.74,94,7.3,201,22.53,280,26.75,77,14.51,331,22.57,22,13.57,208
2022,Columbia,77.25,127,-0.22,192,0.1,163,0.65,90,0.05,164,0.87,106,-0.06,175,1.13,329,41.32,12,15.27,310,23.82,48,21.39,106,20.3,172,19.13,207,46.88,33,20.01,287,17.63,154,8.56,255,6.8,226,31.94,33,21.61,248,17.31,246,13.12,308,15.95,103
2022,Connecticut,78.15,39,-0.16,177,2.2,5,1.33,40,2.01,15,0.59,124,1.02,61,2.15,116,28,243,20.19,162,19.73,179,20.21,150,15.99,310,23.89,78,24.69,326,32.97,74,23.12,59,12.28,143,6.94,219,15.97,355,20.09,287,26.45,14,23.78,12,13.71,199
2022,Coppin State,76.5,245,-1.56,332,-0.93,295,-0.9,287,-0.19,202,1.28,70,-1.24,328,1.13,330,37.34,49,19.04,198,18.7,229,19.44,167,25.1,33,17.67,263,30.73,265,36.1,35,17.41,161,8.81,242,6.87,221,22.78,277,24.46,139,23.69,43,16.91,163,12.1,280
2022,Cornell,77.06,156,-0.34,208,-0.14,200,-0.54,250,-0.16,185,1.7,43,-0.24,204,1.81,204,45.53,4,20.59,150,17.51,271,20.92,125,17.76,269,23.16,92,27.52,301,13.97,345,25.23,30,16.38,64,16.84,13,24.47,207,21.42,253,18.36,205,16.97,162,18.71,29
2022,Creighton,78.21,33,2.8,11,0.2,134,1.53,29,1.4,44,0.35,155,1.5,26,1.32,309,22.87,319,23.75,70,22.41,82,21.7,97,14.48,337,17.6,265,55.98,5,21.53,269,13.38,253,5.24,346,3.8,342,20.57,324,24.13,149,24.14,34,17.04,159,14.07,184
2022,Dartmouth,76.31,274,-1.34,314,-0.8,272,-0.75,274,-0.94,286,0.59,123,-1.07,314,2.43,45,31.21,162,19.22,191,20.09,166,16.3,290,23.05,76,21.31,142,52.92,9,27.58,160,12.49,270,4.09,355,2.87,352,26.42,144,29.16,32,17.37,243,14.33,272,12.71,252
2022,Davidson,78.04,44,0.62,104,1.53,29,1.52,30,1.54,37,0.24,175,1.07,58,1.89,181,24.64,301,23.35,75,13.15,354,22,89,18.46,244,22.99,94,38.58,125,32.14,83,13.07,261,10.52,184,5.61,280,27.68,106,18.37,319,23.01,56,15.55,225,15.35,128
2022,Dayton,77.84,58,0.63,101,1.65,23,1.34,38,1.14,61,-0.32,216,1.14,51,0.27,358,30.73,175,22.09,109,20.4,153,21.55,102,18.1,259,17.81,259,33.59,223,32.7,75,8.15,337,15.34,82,10.17,99,24.15,222,27.1,69,17.72,232,14.63,261,16.35,93
2022,DePaul,78.16,38,1.34,43,1,62,1.45,34,1.69,28,0.52,136,1.17,47,2.22,94,30.49,183,18.44,220,16,315,19.29,175,25.95,23,20.26,175,35.98,174,19.53,297,16.43,191,19.21,29,8.79,138,18.9,345,21.02,266,19.54,169,22.67,20,17.8,48
2022,Delaware,77.17,137,0.44,120,0.59,91,-0.08,191,-0.3,216,0.44,146,0.51,105,2.08,131,24.15,307,21.17,133,21.3,118,16.7,283,18.79,234,22.03,122,41.29,88,26.2,181,6.89,348,8.23,268,17.36,11,23.78,237,25.49,109,15.75,305,15.59,221,19.37,22
2022,Delaware State,76.37,267,3.16,7,-0.83,289,-2.5,353,-1.8,335,-0.96,271,1.17,48,1.42,289,38.69,33,12.3,352,15.35,325,19.07,189,25.7,28,27.57,22,34.48,206,27.44,164,10.34,307,16.99,54,10.71,88,29.09,79,18.53,318,20.08,146,17.33,147,14.94,150
2022,Denver,76.95,171,-0.4,215,0.08,169,-0.64,260,0.04,165,0.88,104,-0.16,189,1.34,304,36.24,66,15.64,302,20.21,158,19.3,174,21.87,114,22.97,95,37.63,144,25.43,193,15.06,217,13.77,110,8.09,165,24.32,213,22.05,226,19.8,158,18.32,112,15.49,122
2022,Detroit Mercy,76.93,177,0.31,136,0.34,118,0.17,142,-0.99,292,0.05,182,0.32,127,2.67,14,30.99,168,15.15,314,18.74,227,16.58,286,20.3,173,29.22,10,24.61,327,29.45,132,26.06,23,10.36,191,9.52,115,20.27,328,26.87,74,23.88,40,13.85,287,15.12,141
2022,Dixie State,76.44,253,-1.05,285,0.3,123,1.07,48,-0.87,280,-2.05,325,-0.37,219,1.51,276,34.03,109,24.73,43,25.7,25,18.33,223,14.43,338,16.81,287,32.71,240,22.25,254,17.27,170,16.48,63,11.29,75,23.15,261,24.01,152,18.52,199,19.74,68,14.58,162
2022,Drake,76.39,265,-0.71,253,-0.49,241,0,179,-0.73,264,-0.9,269,-0.6,255,2.46,39,31.29,160,20.81,145,22.25,87,18.64,210,19.97,189,18.26,240,28.31,293,25.66,188,23.75,49,14.65,97,7.55,188,24.18,219,23.02,190,23.64,46,16.81,169,12.26,273
2022,Drexel,76.61,231,-0.27,201,-0.8,272,-0.24,207,-0.61,255,0.18,179,-0.54,242,2.32,69,35.85,68,23.03,85,16.64,299,18.99,198,22.3,104,18.98,215,49.69,18,19.7,292,14.48,227,8.28,266,7.77,177,40.31,2,16.33,341,13.67,347,12.46,326,17.18,62
2022,Duke,78.34,25,2.02,24,1.81,18,0.7,86,1.35,47,1.05,94,1.92,11,0.98,345,23.74,312,24.54,49,19.92,170,21.11,115,19.13,214,15.24,319,39.96,108,23.41,239,15.94,198,13.84,109,6.77,227,30.45,55,21.9,235,19.2,178,16.67,174,11.71,301
2022,Duquesne,77.08,153,-0.66,242,0.2,134,0.52,106,0.4,131,0.19,176,-0.23,202,0.68,354,32.18,146,14.83,319,21.09,127,20.33,143,19.55,198,24.2,70,39.79,110,31.76,91,17.47,159,5.67,337,5.32,294,23.51,247,22.56,201,23.9,39,17.23,152,12.81,244
2022,East Carolina,78.19,35,0.98,71,1.34,39,1.44,35,1.58,34,0.85,109,1.16,49,1.58,255,32.47,139,18.37,222,18.93,215,18.96,199,27.89,8,15.83,306,30.54,270,31.35,98,12.89,266,13.63,113,11.55,69,26.66,135,27.64,53,16.37,284,17.94,127,11.35,316
2022,East Tennessee State,76.52,239,-0.16,177,0.46,105,0.07,151,-1.82,336,-0.72,253,0.15,141,1.59,249,22.25,331,17.8,241,14.89,328,23.78,46,19.09,216,24.39,66,26.71,312,34.65,56,23.27,57,10.49,187,4.82,314,23.81,236,20.86,273,20.65,125,18.77,95,15.85,106
2022,Eastern Illinois,76.5,244,-0.35,209,-0.09,194,-0.64,261,-0.86,277,-0.35,219,-0.22,199,1.39,299,39.16,27,24.71,44,20.01,169,19,197,18.31,251,17.93,256,38.45,128,40.47,11,8.6,332,5.22,347,7.23,205,24.45,208,22.9,191,17.07,256,21.07,36,14.48,164
2022,Eastern Kentucky,76.01,313,-0.75,258,-0.33,220,-0.45,238,-1.93,340,-1.29,292,-0.54,246,1.56,260,31.38,156,20.58,151,20.88,134,23.39,55,19.25,206,15.84,305,30.77,262,26.97,167,18.16,144,12.87,130,11.17,81,20.91,318,26.15,91,26.92,13,17.75,136,8.23,356
2022,Eastern Michigan,77.34,111,0.79,89,0.09,166,-0.31,221,0.08,161,1.28,70,0.44,113,1.65,240,34.98,84,17.14,268,19.06,206,19.47,166,15.86,314,28.46,18,28.8,289,24.48,212,13.76,244,19.12,30,13.8,33,28.85,83,25.13,116,15.04,323,16.26,196,14.7,160
2022,Eastern Washington,78.38,21,0.1,156,0.2,134,1.6,28,2.84,2,2.38,16,0.15,140,1.42,290,21.14,341,17.36,257,21.25,121,23.37,56,24.75,35,13.27,343,21.82,342,18.81,305,22.23,74,27.21,5,9.93,103,21.37,311,22.23,217,20.06,147,23,16,13.34,220
2022,Elon,76.36,270,-0.61,232,-0.67,257,-0.24,209,-1.16,301,-0.3,213,-0.64,261,1.98,163,34.61,96,22.25,102,14.53,335,18.06,230,19.13,213,25.99,38,53.95,6,23.05,242,13.31,257,3.18,356,6.42,241,27.34,116,23.2,180,17.6,235,13.46,300,18.36,34
2022,Evansville,76.22,289,-1.01,278,0.89,65,-0.96,304,-0.33,219,-2.28,330,-0.06,174,2.13,123,34.76,90,14.94,318,15.77,319,18.16,227,25.77,25,25.31,46,30.75,264,18.08,312,13.91,240,26.83,6,10.37,94,20.21,330,20.86,272,19.93,152,19,89,19.95,15
2022,FIU,76.03,311,1.13,55,-1.03,306,-0.37,226,-0.32,218,-4.02,357,0.05,158,1.52,275,36.69,58,15.08,316,18.88,217,16.92,275,23.08,75,26.03,36,32.6,242,29.27,136,21.55,81,8.54,257,7.98,169,26.97,128,23.61,164,17.94,220,17.35,146,14.09,181
2022,Fairfield,76.97,170,0.17,149,-0.09,196,-0.01,181,0.84,76,-0.83,266,0.04,162,2.27,85,31.37,157,21.83,116,20.69,144,19.7,159,21.45,128,16.25,301,40.11,106,29.89,122,13.35,256,10.13,200,6.42,240,26.95,129,21.81,236,16.72,271,20.27,51,14.18,175
2022,Fairleigh Dickinson,76.11,301,-0.77,260,-1.14,313,-1.15,315,-0.72,262,-0.43,228,-0.96,297,0.9,348,40.91,15,18.05,233,21.9,98,20.34,142,22.12,108,17.57,267,28.01,295,39.86,15,9.99,316,11.43,161,10.66,90,26.21,150,24.32,142,17.28,249,19.47,71,12.68,254
2022,Florida,77.31,114,1.12,59,-0.07,191,-0.02,185,-0.16,185,0.92,100,0.53,104,2.53,27,35.02,83,25.24,36,18.98,211,19.26,178,15.44,323,21.03,153,41.77,76,23.98,220,23.51,51,8.09,273,2.58,353,32.83,23,18.13,323,17.68,234,16.53,179,14.78,157
2022,Florida A&M,76.94,174,-0.16,177,-0.43,236,-0.78,277,0.39,134,0.92,98,-0.3,210,2.74,7,21.52,337,17.05,270,18.36,240,19.68,161,26.72,15,18.17,244,26.95,310,30.61,115,18.34,139,15.28,84,8.8,136,24.32,214,26.2,89,16.34,287,19.96,62,13.15,229
2022,Florida Atlantic,76.29,277,1.36,40,-0.4,234,-2.07,348,-1.72,333,-0.48,234,0.48,108,1.12,331,32.27,144,21.52,124,15.4,323,21.04,119,23.68,62,18.33,237,39.35,112,23.6,232,20.98,88,10.69,179,5.32,293,21.74,304,21.77,241,24.55,26,19.29,76,12.62,259
2022,Florida Gulf Coast,76.3,276,1.47,31,0.05,178,-0.01,182,-0.83,273,-3.93,355,0.76,74,2.47,35,28.88,227,20.7,148,14.63,334,15,319,18.26,253,31.38,3,42.05,72,20.27,285,12.91,264,17.37,51,7.35,198,34.8,13,19.93,291,15.9,300,16.47,182,12.85,241
2022,Florida State,79.67,1,3.92,2,1.28,42,1.93,19,2.73,6,3.73,1,2.6,5,1.63,245,44.66,5,20.36,157,17.64,264,22.31,79,17.67,272,21.97,126,29.83,281,22.8,245,23.38,54,17.78,48,6.13,254,23.07,268,19.58,302,21.42,93,20.75,43,15.14,140
2022,Fordham,76.52,238,0.06,162,0.02,184,-0.53,249,-0.47,233,-1.24,288,0.04,161,2,155,26.99,264,21.03,138,17.95,258,14.56,325,26.76,14,19.65,188,44.88,43,22.53,251,14.45,228,7.34,295,10.73,86,33.21,22,25.7,104,15.96,298,14.33,271,10.72,334
2022,Fresno State,77.67,73,3.01,9,-0.2,208,0.07,151,0.92,75,-0.25,206,1.41,33,1.79,207,26.41,273,33.7,1,11.46,357,17.26,264,18.29,252,19.22,202,41.11,92,25.71,187,17.33,166,11.31,164,4.45,327,29.65,69,19.6,301,19.31,175,19.03,87,12.33,270
2022,Furman,75.14,354,-1.27,304,-1.73,346,-2.23,350,-2.29,349,-1.54,307,-1.5,343,2.18,103,24.24,305,20.58,152,19.28,193,23.45,52,15.79,316,20.85,163,23.8,335,30.74,112,18.9,125,20.57,23,5.95,265,27.75,105,29.46,28,16.01,294,14.69,260,12.03,282
2022,Gardner-Webb,76.03,312,-0.62,235,-0.95,299,-0.41,234,-0.93,285,-1.72,315,-0.78,275,1.67,234,29.33,218,17.84,237,19.86,173,20.72,131,24.21,47,17.35,272,41.81,74,19.61,294,19.67,111,15.72,78,3.15,349,25.83,164,23.72,162,20.09,145,14.78,258,15.56,119
2022,George Mason,77.31,113,-0.06,172,0.27,127,1.79,22,0.4,132,-0.6,248,0.1,153,2.23,91,19.45,350,25.73,31,17.98,256,23.46,51,19.17,210,13.63,340,38.66,123,37.76,25,17.36,165,1.46,358,4.73,317,25.92,161,28.06,47,17.49,239,11.65,340,16.86,78
2022,George Washington,77.22,131,0.82,85,0.4,111,-0.93,290,-0.24,205,1.28,70,0.61,89,1.84,194,26.38,275,12,355,13.29,350,20.76,128,26.05,21,27.89,21,32.28,252,26.67,172,16.5,187,17.81,47,6.7,229,26.53,140,31.1,16,17.87,228,15.01,247,9.49,350
2022,Georgetown,77.78,62,2.52,15,-0.05,190,0.36,124,1.59,33,-0.28,211,1.23,43,1.34,308,27.33,256,14.61,324,22.13,90,21.63,101,22.62,94,18.96,217,44.76,45,9.84,356,9.28,323,31.01,3,5.04,307,26.4,145,13.77,355,17.35,244,25.26,6,17.16,63
2022,Georgia,77.58,84,1.17,51,0.32,120,-0.35,223,0.48,120,1.48,57,0.74,76,1.88,185,31.13,165,23.34,76,19.61,185,15.45,311,23.95,54,17.58,266,36.64,160,23.04,243,15.16,214,18,44,7.1,213,22.37,285,28.6,38,18.33,209,17.46,145,13.19,226
2022,Georgia Southern,76.78,195,-1.38,318,-0.03,186,-0.29,217,0.37,137,0.47,141,-0.71,270,2.54,25,40.42,20,19.41,187,23.32,57,19.68,162,24.41,41,13.13,345,37.88,134,25.5,191,8.67,331,18,43,9.88,105,27.21,118,22.36,212,13.67,348,21.85,25,14.83,155
2022,Georgia State,75.88,325,0.11,155,-0.78,270,-0.93,290,-1.35,313,-2.42,339,-0.34,218,2.2,96,33.13,129,18.21,227,14.41,337,22.12,85,24.09,50,21.1,150,37.71,142,34.57,57,13.92,239,5.96,331,7.75,178,32.19,32,21.79,238,17.93,221,14.92,252,13.08,231
2022,Georgia Tech,77.64,77,-0.36,211,0.2,134,0.97,68,1.73,25,0.9,103,-0.08,177,1.99,162,28.43,237,12.68,350,22.65,76,17.88,238,28.99,5,17.73,261,40.33,104,23.99,218,11.39,291,11.05,174,13.15,42,20.75,320,25.33,114,14.91,325,20.53,47,18.41,33
2022,Gonzaga,78.73,8,2.26,19,1.99,13,1.32,41,1.49,41,1.81,41,2.12,8,1.55,264,26.39,274,25.11,38,23.2,61,18.28,224,17.02,289,16.3,296,31.2,260,34.36,62,23.56,50,7.01,301,3.78,343,34.94,12,22.84,194,18.79,191,11.92,336,11.42,311
2022,Grambling,77.24,130,0.19,147,0.47,104,0.85,81,-0.37,223,0.28,159,0.33,125,2.4,55,35.45,75,17.38,254,18.81,221,24.59,30,18.41,248,20.76,168,35.15,194,25.93,185,14.67,221,12.4,142,11.77,66,22.43,284,23.18,183,20.45,134,18.67,98,15.2,137
2022,Grand Canyon,76.37,268,0.24,143,0.58,92,-0.83,281,-1.47,319,-1.46,304,0.41,116,2.28,82,32.32,141,12.24,353,19.24,195,18.72,205,23.04,77,26.74,29,43.48,55,25.57,189,18.22,141,8.3,265,4.4,329,28.07,101,24.58,134,23.26,53,12.24,329,11.81,295
2022,Green Bay,76.51,240,-1.16,294,0.02,183,-0.74,270,-0.1,178,-0.24,205,-0.57,249,0.52,356,35.45,74,18.92,203,23.09,65,17.65,249,15.57,319,24.7,58,33.21,230,19.14,302,25.72,28,12.26,145,9.59,109,21.37,310,22.55,202,19.64,164,20.88,41,15.48,123
2022,Hampton,77.55,88,1.5,30,-0.09,195,0.07,151,0.93,74,0.54,129,0.71,79,2.01,149,31.85,151,18.25,225,22.87,74,19.73,158,26.95,11,12.14,354,36.35,167,30.66,113,16.83,179,8.55,256,7.53,190,26.58,138,22.22,218,21.51,91,17.65,139,11.97,286
2022,Hartford,76.2,293,-0.69,249,-1.21,319,-0.93,290,-0.57,248,-0.4,222,-0.95,296,2.72,10,29.77,205,16.71,277,18.43,236,25.89,17,23.73,61,15.21,320,35.12,195,11.1,352,19.94,101,23.32,12,10.47,93,20.59,322,19.28,309,21.12,105,25.05,7,13.94,190
2022,Harvard,77.53,89,-1.52,327,-0.65,255,1.07,48,2.62,8,1.35,64,-1.09,315,1.77,213,35.43,76,26.78,21,23.99,43,15.95,300,20.99,148,12.25,352,26.93,311,23.99,219,29.77,9,8,277,11.22,77,22.44,283,23.47,169,20.98,108,17.95,126,15.11,142
2022,Hawaii,77.46,94,1.42,35,1.21,45,1.39,36,0.29,144,-1.81,318,1.31,39,1.63,246,30.23,189,21.57,122,20.65,145,17.81,245,21.83,116,18.05,249,25.14,321,26.48,174,23.11,60,13.21,125,11.95,63,23.18,259,28.19,44,21.33,98,15.42,229,11.78,296
2022,High Point,75.37,349,-1.31,309,-1.97,354,-1.66,335,-0.97,291,-2,324,-1.64,349,1.59,252,25.23,296,17.81,239,20.86,136,19.27,177,17.93,263,24.11,72,40.4,101,26.03,183,19.28,119,6.18,326,8.07,167,22.83,276,27.41,60,18.06,215,17.64,140,14.05,186
2022,Hofstra,75.92,319,-0.57,229,-1.36,331,-1.93,343,-0.6,253,-0.68,250,-0.97,299,2.29,80,28.04,242,17.45,249,15.18,326,23.09,61,24.83,34,19.45,198,57.73,4,20.29,283,6.08,354,9.06,235,6.84,222,27.63,109,17.17,333,21.61,86,20.72,44,12.87,240
2022,Holy Cross,76.11,302,-2.48,354,-1.08,309,0.07,151,1.41,43,-2.15,327,-1.78,353,1.16,325,32.51,138,17.39,253,26.84,12,10.66,356,20.51,166,24.59,60,27.97,297,32.11,84,25.6,29,8.79,244,5.47,288,25.2,187,26.72,79,15.25,319,15.03,246,17.78,49
2022,Houston,77.41,100,0.5,117,0.66,84,-0.15,200,0.73,100,0.51,137,0.58,94,2.23,92,28.49,235,24.33,56,18.96,213,16.69,284,20.39,170,19.55,193,36.64,159,32.49,79,15.86,200,9.93,211,5.01,308,22.08,297,23.99,154,17.13,254,23.02,15,13.73,198
2022,Houston Baptist,76.29,279,-0.98,274,-0.98,302,-0.65,262,-1.16,301,0.43,147,-0.98,301,1.79,206,29.03,224,17.25,265,27.83,10,18.27,225,19.89,192,16.69,289,34.06,213,31.41,96,19.48,116,8.74,246,6.24,250,20.53,326,33.36,7,22.58,63,11.22,349,12.25,274
2022,Howard,76.66,222,0.62,103,-0.23,213,-0.23,206,-0.14,181,-1.5,305,0.19,135,1.95,171,25.25,295,21.11,135,19.13,199,24.84,26,15,329,19.84,182,17.83,355,32.26,81,19.81,106,20.67,22,9.35,120,22.84,274,23.09,185,22.23,74,13.7,295,18.05,44
2022,IUPUI,76.36,271,0.84,79,-1.8,349,-0.52,244,-0.16,184,-1.35,293,-0.48,234,1.65,237,31.5,155,18.92,205,20.57,148,24.01,39,17.53,276,18.97,216,36.47,164,10.37,354,22.28,73,21.64,18,9.24,123,25.57,175,18.85,314,20.53,129,20,59,15.06,145
2022,Idaho,75.67,339,-0.95,271,-2.23,357,-1.42,327,-1.52,322,-0.29,212,-1.59,348,1.65,238,33.32,125,17.81,240,15.58,321,18.74,204,29.09,4,18.71,225,47.25,29,12.1,350,15.62,208,12.6,137,12.34,54,28.51,89,16.06,343,20.26,137,17.59,142,17.5,53
2022,Idaho State,77.31,116,-1,276,-0.44,238,-0.03,186,0.84,76,2.43,14,-0.72,272,1.65,242,37.26,50,22.21,105,19.19,198,15.18,315,19.84,193,23.54,83,25.38,320,29.79,125,18.84,128,16.77,58,9.13,128,23.12,265,24.95,119,14.43,332,19.86,65,17.6,51
2022,Illinois,77.29,122,2.13,20,1.07,58,-0.74,271,-1.06,296,0.28,159,1.6,22,2.28,83,28.18,240,28.82,9,16.58,301,12.6,351,16.98,290,25.02,55,40.36,103,29.46,130,15.61,209,7.76,286,6.81,224,32.75,25,21.54,250,19.92,153,12.21,331,13.58,207
2022,Illinois-Chicago,76.38,266,-1.5,325,-0.84,290,-0.19,202,-0.16,185,-0.16,193,-1.17,322,2.15,117,32.31,142,14.63,322,21.06,130,14.35,328,26.72,16,23.19,90,29.91,279,35.28,47,14.07,232,13.49,116,7.2,209,24.03,231,16.52,339,17.24,250,25.29,5,16.86,76
2022,Illinois State,77.84,59,0.67,96,1.13,52,0.93,73,1.4,45,0.3,157,0.9,68,1.94,174,29.02,225,15.44,307,21.09,128,27.92,4,16.42,301,19.09,210,34,215,35.26,48,12.28,277,13.3,121,5.13,302,23.19,258,23.91,157,14.41,333,21.59,28,16.87,75
2022,Incarnate Word,76.15,296,0.53,112,-0.99,304,-1.93,343,-1.1,298,-0.53,237,-0.23,201,1.56,259,30.61,178,22.77,88,17.46,273,17.35,258,15.24,325,27.17,25,19.55,352,29.21,138,17.62,155,23.29,13,10.31,95,28.46,90,18.87,313,15.45,309,20.28,50,16.92,73
2022,Indiana,78.02,45,0.26,141,0.89,64,1.03,66,1.52,39,1.62,49,0.58,95,1.41,295,30.82,173,28.85,8,19.66,183,15.32,313,14.74,333,21.41,140,35.67,180,27.76,153,20.52,97,4.73,351,11.3,74,27.1,122,25.79,102,17.85,230,11.96,335,17.27,58
2022,Indiana State,76.85,185,-1.09,289,-0.8,272,0.18,138,0.55,117,0.63,121,-0.94,295,1.08,337,31,167,20.3,159,24.47,38,18.67,208,19.93,191,16.55,292,27.97,298,26.12,182,13.94,238,12.59,138,19.3,6,27.97,103,19.8,295,20.71,121,17.03,160,14.41,168
2022,Iona,77.4,101,0.37,130,1.65,24,-0.77,275,0.33,141,0.65,120,1.01,62,2.16,113,30.28,188,21.48,126,20.83,137,15.66,308,21.1,142,20.9,159,27.38,304,30.84,109,19.9,102,13.74,111,8.11,163,22.24,288,25.79,103,18.2,212,17.23,151,16.5,89
2022,Iowa,77.49,91,-0.16,177,1.31,40,1.66,26,0.06,162,-0.18,196,0.57,96,1.7,230,38.59,35,16.28,291,29.81,4,21.44,105,16.19,306,16.28,299,24.35,329,31.97,88,23.34,55,14.99,89,5.35,292,24.82,200,27.1,68,23.61,47,14.75,259,9.73,346
2022,Iowa State,76.5,243,-0.41,216,-0.14,202,-0.93,290,-0.07,176,-0.72,253,-0.27,206,2.21,95,27.6,253,16.63,280,17.62,265,24.86,25,20.86,152,20.03,180,40.26,105,19.58,295,17.73,153,13.73,112,8.7,139,21.77,302,20.26,282,21.2,102,20.69,45,16.07,100
2022,Jackson State,76.42,257,-1.6,335,-0.18,206,0.21,135,-0.59,251,-0.53,238,-0.89,289,2.23,88,33.54,120,19.95,169,25.25,29,20.21,149,17.59,274,16.98,284,23.09,339,45.07,3,21.09,86,6.04,329,4.66,320,18.41,347,34.89,4,23.78,42,11.8,338,11.09,325
2022,Jacksonville,77.03,158,0.04,166,0.61,89,0.17,141,-0.71,261,0.25,174,0.32,126,1.59,251,32.91,135,19.07,196,23,68,16.75,281,16.87,298,24.3,69,40.9,95,37.19,29,10.03,315,7.28,296,4.56,323,21.32,313,27.19,66,19.71,161,16.19,201,15.56,118
2022,Jacksonville State,76.55,235,1.02,69,0.07,171,-1.88,340,-0.86,279,-0.35,218,0.54,101,2.46,40,26.93,266,18.26,224,18.03,254,20.76,129,21.83,117,21.13,148,37.85,136,37.1,30,9.03,325,8.8,243,7.22,207,30.45,54,20.29,281,18.35,206,18.57,101,12.33,269
2022,James Madison,76.13,299,-1.57,333,-0.2,210,-0.7,267,-0.96,289,-0.72,253,-0.89,288,1.42,287,35.46,73,19.14,195,21.94,97,16.55,287,17.68,271,24.66,59,30.76,263,38.96,19,18.78,130,6.38,319,5.09,306,22.1,295,21.91,233,24.83,25,18.25,116,12.88,238
2022,Kansas,77.12,146,-0.06,171,0.41,108,0.61,96,0.18,155,-0.32,214,0.18,138,2.09,130,25.15,299,22.26,101,19.35,190,25.01,22,20.23,178,13.15,344,48.47,23,22.46,252,14.19,231,8.54,258,6.34,245,27.61,110,26.36,84,21.85,82,12.45,327,11.73,299
2022,Kansas State,75.71,335,1.15,53,-1.31,324,-1.04,309,-1.58,324,-3.43,350,-0.08,178,1.77,212,28.93,226,15.75,300,14.17,343,21.65,100,22.75,90,25.63,41,32.02,253,17.09,323,27.68,16,13.95,107,9.18,126,15.62,357,17.26,332,33.44,2,16.52,180,17.11,65
2022,Kennesaw State,75.88,326,-1.32,311,-1.15,314,-0.93,290,0.01,166,-1.98,323,-1.23,327,1.99,159,31.81,153,18.25,226,16.72,295,21,122,21.15,139,22.82,101,41.61,80,29.5,129,10.38,305,13.23,123,5.18,301,23.91,233,28.63,37,20.89,113,13.73,290,12.76,250
2022,Kent State,76.26,282,0.67,95,-0.97,301,-1.38,325,-1.6,326,-0.19,197,-0.15,188,1.89,179,27.85,245,16.95,273,19.68,182,18.14,228,18.97,222,26.27,34,33.61,221,24.71,209,22.63,70,11.44,160,7.61,185,24.56,206,17.62,328,22.27,72,18.35,109,17.2,60
2022,Kentucky,76.84,187,-0.16,177,1.15,50,0.37,123,-0.05,171,-1.88,321,0.5,106,1.87,188,27.83,247,20.17,164,24.75,31,17.86,242,19.04,218,18.13,246,36.23,168,39.42,18,8.88,327,8.14,272,7.24,204,32.83,24,33.37,6,10.6,356,11.65,339,11.47,309
2022,LIU,77.14,142,-0.29,203,0.81,75,0.95,71,-0.44,230,-0.11,189,0.26,130,2.15,115,22.03,332,28.29,12,24.69,34,20.42,140,15.55,321,11.03,357,24.25,332,32.01,86,25.78,26,11.61,157,6.33,246,24.26,216,25.37,112,20.17,139,16.89,166,13.28,221
2022,LSU,77.73,68,0.86,77,0.63,86,0.41,116,0.67,107,1.28,70,0.75,75,1.18,320,31.32,158,19.83,173,30.58,2,13.51,343,16.97,291,19.07,211,33.58,224,30.65,114,17.06,171,9.55,222,9.1,130,24.84,198,31.8,12,16.58,276,11.4,346,15.33,130
2022,La Salle,77.16,140,0.61,105,0.85,68,0.19,137,0.43,127,-1.05,275,0.73,78,1.74,221,29.9,201,21.74,119,20.54,149,13.96,336,22.86,85,20.85,164,31.36,259,27.68,157,23.99,45,8.35,262,8.51,145,23.47,251,23.82,161,21.46,92,17.07,157,14.11,180
2022,Lafayette,78.1,41,2.37,18,0.5,100,2.07,11,-0.52,242,1.28,70,1.43,30,1.54,270,22.52,328,25.17,37,16.35,307,19.48,165,18.97,221,19.97,181,44.66,47,17.11,321,19.83,105,8.46,259,9.85,106,28.23,96,14.95,352,22.47,68,16.4,186,17.88,46
2022,Lamar,75.92,320,-0.37,212,-0.79,271,-0.94,303,-1.94,342,-1.12,282,-0.58,250,1.64,243,45.75,3,11.6,356,16.82,291,23.27,59,25.33,32,22.95,96,36.75,156,26.45,175,17.77,151,12.17,146,6.81,225,21.74,305,26.82,75,25.7,16,11.55,343,14.14,178
2022,Lehigh,77.64,78,0.41,123,-0.11,198,0.5,109,0.84,76,1.81,42,0.15,143,1.69,231,37.8,42,21.02,140,23.63,51,18.5,214,18.86,232,17.94,255,43.05,60,17.54,318,11.31,293,15.99,70,12.07,60,24.67,202,24.68,129,21.73,84,15.61,220,13.26,224
2022,Liberty,76.2,292,-1.51,326,0.2,134,0.9,77,-0.17,201,-3.21,349,-0.66,264,1.85,190,25.01,300,19.9,170,17.29,282,15.19,314,10.6,356,37,1,45.06,42,12.77,348,7.51,343,25.4,9,9.2,125,24.06,227,20.55,277,16.83,263,20.06,57,18.47,32
2022,Lipscomb,76.68,217,-0.58,230,-0.02,185,-1.89,341,-0.16,185,1.29,69,-0.3,212,1.07,340,33.64,118,24.66,45,20.83,138,20.31,146,17.18,283,16.99,283,32.42,250,32.1,85,13.47,252,11.03,175,10.94,84,32.47,29,19.06,311,14.54,329,16.76,171,17.13,64
2022,Little Rock,77.17,138,0.07,161,-0.36,224,0.07,151,1.2,57,0.08,180,-0.14,185,1.76,215,41.77,11,24.64,47,19.01,208,17.37,257,20.26,175,18.65,227,34.7,203,23.66,229,9.85,319,20.51,24,11.19,79,22.72,279,27.45,57,20.69,122,17.52,144,11.54,304
2022,Long Beach State,76.4,262,-0.24,197,-0.71,263,-0.08,192,-1.16,310,-0.56,243,-0.48,233,1.74,222,29.03,223,16.15,295,18.46,235,19.01,195,18.92,228,27.45,23,21.07,345,39.86,14,20.91,91,10,205,8.14,161,23.13,263,26.17,90,22.49,67,14.43,267,13.76,196
2022,Longwood,75.56,343,-2.16,350,-0.81,286,-1.73,337,-1.83,338,-0.47,233,-1.48,342,2.06,140,35.05,81,22.32,99,14.18,342,24.35,34,17.08,286,22,125,33.42,226,23.56,233,15.29,213,16.64,59,11.04,82,23.57,245,16.77,338,24.84,24,14.1,279,20.67,7
2022,Louisiana State,77.09,151,1.84,25,1.72,20,0,178,-1.48,321,-1.39,300,1.78,16,1.23,318,42.46,8,24.21,58,21.39,116,20.63,136,17.05,287,16.63,290,42.59,64,31.31,102,12.81,267,8.07,276,5.12,303,31.64,40,27.74,51,16.47,280,14.85,254,9.2,353
2022,Louisiana-Monroe,76.73,206,-0.79,262,0.55,96,0.45,114,-0.27,212,-1.06,276,-0.12,183,1.87,187,26.11,282,22.29,100,21.36,117,18.23,226,23.24,73,14.88,323,36.14,170,22,261,15.12,215,15.77,77,10.97,83,23.49,248,24.14,148,15.35,312,16.71,172,20.3,11
2022,Louisiana Tech,76.07,309,-1.37,316,-1.27,322,-1.56,332,-0.16,185,-0.07,187,-1.32,336,1.17,322,25.85,287,24.64,46,18.8,223,15.04,318,20.73,161,20.76,167,48.87,21,30.42,116,5.17,357,6.88,307,8.6,142,28.43,91,28.73,35,11.26,355,15.41,230,16.14,97
2022,Louisville,76.83,188,0.67,98,0.56,95,-0.23,205,-0.48,237,-1.14,284,0.61,87,2.17,107,42,10,23.86,67,18.9,216,22.29,81,21.37,130,13.57,341,38.89,120,26.95,168,21.83,78,6.95,302,5.36,291,35.41,11,26.3,86,14.77,326,11.59,341,11.9,289
2022,Loyola (IL),76.77,200,-1.1,291,0.2,134,0.89,79,-0.39,224,-0.53,239,-0.45,229,2.53,26,32.57,137,22.39,97,21.39,115,17,271,21.33,132,17.88,257,38.87,121,18.18,310,23.11,61,12.54,139,7.3,200,21.59,308,19.36,307,23.83,41,19.94,63,15.29,134
2022,Loyola (MD),77.3,120,0.84,80,1.36,38,-0.93,290,0.7,105,-0.27,210,1.1,54,1.73,225,25.79,288,19.56,182,13.29,349,23.19,60,28.37,7,15.52,315,35.34,190,34.27,64,17.47,160,8.3,264,4.55,325,26.59,137,26.91,73,15.68,306,18.84,94,11.9,290
2022,Loyola Marymount,76.65,223,-1.82,348,-0.8,272,0.61,97,-0.77,267,1.28,70,-1.31,335,2.23,93,27.67,250,16.4,287,22.33,86,22.2,84,17.93,262,21.15,145,20.53,348,38.89,20,30.45,4,5.37,344,4.76,316,25.8,167,22.5,206,21.59,87,14.01,283,16.1,99
2022,Maine,76.82,191,0.31,135,-0.68,258,-0.41,235,0.7,103,-0.59,247,-0.18,194,1.29,313,40.42,19,17.29,261,23.7,49,22.33,78,18.88,230,17.76,260,31.62,256,34.12,66,9.68,320,8.93,239,15.59,17,25.17,189,22.56,200,19.29,176,12.54,323,20.37,9
2022,Manhattan,77.43,97,-0.17,189,-0.58,249,0.07,151,1.65,29,1.43,61,-0.38,220,2.94,1,34.41,101,24.02,64,12.34,356,13.96,337,31.33,1,18.36,235,44.86,44,25.21,198,15.11,216,8.98,238,5.83,273,30.49,52,18.83,315,21.28,99,15.18,240,14.23,173
2022,Marist,76.05,310,-1.67,339,-1.19,317,-0.98,307,-0.99,293,0.28,159,-1.43,341,1.99,161,40.17,22,18.03,234,16.11,312,22.68,70,13.97,345,29.16,11,32.53,247,25.22,197,16.05,195,12.7,134,13.4,38,22.93,272,23.05,188,19.41,173,19.1,85,15.44,126
2022,Marquette,77.86,57,0.26,142,0.65,85,0.96,70,0.63,109,2.01,27,0.46,111,0.87,349,34.56,98,16.07,297,22.02,95,26.26,15,22.77,89,12.85,348,39.12,117,21.03,273,16.45,189,10.21,196,13.13,43,21.26,315,24.22,147,23.59,48,13.54,296,17.35,56
2022,Marshall,78.44,18,1.35,42,1.22,43,1.27,44,1.29,50,2.28,19,1.29,41,1.23,317,30.52,181,16.17,294,20.26,157,21.29,111,20.75,158,21.48,138,20.3,349,26.88,170,20.78,92,15.91,72,16.07,14,25.28,181,24.62,131,17.72,233,15.26,235,17.07,68
2022,Maryland,77.92,54,0.75,92,1.2,46,2.22,8,1.7,27,-1.03,273,0.98,66,2.2,101,24.23,306,20.27,160,18.81,222,14.96,323,22.14,107,23.76,79,48.89,20,16.4,331,21.25,83,6.7,313,6.68,230,26.45,142,16.28,342,18.87,187,20.04,58,18.29,37
2022,Maryland-Eastern Shore,75.7,336,-2.69,356,-1.8,349,-1.29,322,-0.27,210,-0.21,201,-2.25,356,2.17,105,37.84,41,14.77,320,19.6,186,21.89,90,21.67,122,22.05,121,21.67,343,29.96,120,14.2,230,18.79,34,15.35,21,20.92,317,27.28,62,21.33,97,13.48,299,16.95,72
2022,Massachusetts,76.23,286,-0.26,198,0.1,165,-0.53,248,-1.72,331,-1.25,289,-0.08,176,2.13,122,29.78,204,19.65,181,17.5,272,20.39,141,19.64,196,22.75,102,30.32,272,29.46,131,24.47,41,9.57,221,6.09,256,28.36,93,24.86,125,23.67,44,11.27,348,11.76,297
2022,McNeese State,77.64,79,1.1,61,-0.92,293,0.07,151,1.25,52,1.93,30,0.09,155,1.58,257,38.98,29,23.95,65,20.05,167,14.09,333,21.41,129,20.5,171,40.63,97,25.49,192,15.3,212,14.71,95,3.87,341,27.19,120,20.92,271,18.33,208,18.56,102,15.01,147
2022,Memphis,77.78,63,0.95,75,1.83,16,1.79,21,1.71,26,-2.16,328,1.39,37,1.72,227,42.77,7,23.31,77,23.27,58,17.23,266,18.15,257,17.99,252,33.87,217,32.49,78,14.44,229,13.23,124,5.9,266,27.37,115,22.59,199,22.66,60,15.22,238,12.12,276
2022,Mercer,77.38,103,0.09,157,-0.39,233,1.07,48,0.63,111,0.72,113,-0.15,187,2.07,135,25.2,297,26.24,26,20.72,143,17.24,265,17.49,278,18.25,242,27.15,308,22.59,248,16.69,182,18.01,42,15.48,19,26.04,153,23.19,182,15.51,308,15.49,226,19.71,17
2022,Merrimack,75.58,342,-1.38,317,-0.65,254,0,180,-2.52,354,-2.32,331,-1.02,306,2.07,138,25.41,292,26.42,25,21.61,109,11.21,354,17.09,285,23.63,80,60.4,2,13.72,347,6.94,347,7.4,292,11.49,71,29.32,75,25.96,94,15.99,296,12.76,316,15.94,104
2022,Miami (FL),76.7,212,0.56,108,0.11,161,-0.05,189,-0.53,243,-1.4,301,0.34,123,2.02,148,18.46,354,16.33,289,17.35,276,26.54,13,21.02,143,18.74,224,27.12,309,40.7,10,12.55,269,12.14,148,7.46,194,19.99,333,23.55,165,23,57,19.79,66,13.64,202
2022,Miami (OH),74.99,355,-1.4,319,-0.24,214,-2.2,349,-2.4,351,-3.6,351,-0.82,280,2.39,59,33.48,121,15.45,306,22.14,89,26.67,11,12.62,353,23.08,93,35.01,197,31.48,94,19.67,112,8.18,270,5.6,281,19.89,335,29.75,23,20.95,109,13.83,288,15.54,121
2022,Michigan,78.21,34,3.38,6,2.3,3,2.17,10,-1.85,339,0.28,159,2.84,3,1.42,292,22.68,324,28.51,10,17.52,270,16.95,274,18.15,258,18.84,222,36.47,165,25.32,195,14.65,222,16.29,65,7.22,206,29.17,77,19.99,289,16.79,267,19.29,77,14.73,158
2022,Michigan State,78.58,12,1.24,49,1.6,26,2.51,5,1.85,16,0.94,97,1.42,31,1.78,210,35.14,78,24.43,54,20.57,147,20.32,144,15.44,324,19.19,204,33.17,231,31.56,93,13.87,242,15.59,80,5.78,275,33.29,21,24.26,145,15.9,301,15.82,211,10.68,335
2022,Middle Tennessee,76.78,197,-1.24,303,-0.52,244,0.53,105,-0.23,204,0.57,126,-0.88,287,1.43,286,34.96,86,13.54,343,14.66,333,21.39,107,26.08,19,24.31,68,21.18,344,25.31,196,24.06,44,17.72,49,11.69,68,20.3,327,17.64,327,20.78,116,19.97,61,21.28,6
2022,Milwaukee,77.67,72,1.39,37,0.72,78,-0.28,214,0.77,98,0.97,96,1.06,59,1.57,258,36.68,59,16.12,296,21.65,108,25.43,19,19.28,205,17.48,269,44.55,48,24.91,203,11.54,289,16.53,61,2.4,355,25.64,174,19.45,305,19.13,180,24.44,10,11.27,317
2022,Minnesota,77.58,83,0.22,144,0.06,174,-0.49,242,0.84,76,2.49,12,0.14,145,2.56,22,18.51,353,13.79,338,27.34,11,16.28,291,22.07,109,20.46,172,43.99,52,9.21,357,15.37,211,15.9,73,15.43,20,24.04,228,28.07,46,16.24,289,16.25,197,15.34,129
2022,Mississippi,77.57,85,2.08,23,0.71,79,0.4,118,0.45,125,-0.54,241,1.39,36,2,154,32.82,136,18.89,206,17.29,281,16.27,293,22.26,105,25.23,50,42.84,61,24.75,207,15.65,207,9.97,207,6.67,231,23.27,256,24.85,126,20.46,133,17.27,149,14.08,183
2022,Mississippi State,77.97,48,0.68,93,1.4,37,2.07,11,0.23,150,0.7,118,1.04,60,1.75,218,31.29,159,21.66,120,18.04,252,14.78,324,26.05,22,19.41,199,34.65,204,35.24,49,17.29,169,6.71,312,6.03,260,22.02,299,27.05,71,23.03,55,13.72,292,14.11,179
2022,Mississippi Valley State,74.81,357,-0.96,273,-1.6,341,-2.78,358,-3.01,357,-2.35,333,-1.28,332,1.09,335,37.36,48,18.81,210,26.09,20,17.47,255,15.76,317,21.87,127,39.82,109,24.16,217,7.48,344,15.1,86,13.44,36,25.77,168,24.98,118,16.09,293,17.93,128,15.23,135
2022,Missouri,77.24,128,-0.72,255,-0.36,228,0.16,145,1,70,1.36,63,-0.54,247,1.72,228,27.68,249,22.61,93,18.22,246,19.14,184,20.87,151,19.11,209,29.41,285,27.79,151,11.22,296,16.5,62,15.01,26,31.31,43,22.43,210,17.43,240,15.9,208,12.87,239
2022,Missouri State,77.02,159,0.08,159,0.62,87,-0.26,212,-0.42,227,0.28,159,0.35,121,2.05,142,25.41,291,25.38,34,15.76,320,27.57,7,14.21,343,17.07,279,49.63,19,20.69,280,13.73,245,7.82,283,8.09,166,26.8,132,20.56,276,22.91,58,17.66,138,12.06,281
2022,Monmouth,77.14,141,1.37,39,0.61,88,-0.3,219,-0.59,250,-0.15,192,0.99,65,2.73,9,23.57,314,24.49,51,13.97,345,23.01,62,20.99,146,17.53,268,27.21,307,35.92,41,8.75,330,18.21,38,9.91,104,22.95,271,28.66,36,22.23,73,15,248,11.16,322
2022,Montana,76.71,209,-0.16,177,0.08,170,-1.21,320,-0.48,235,0.54,128,-0.04,172,1.75,219,29.59,211,20.92,143,19.36,189,15.49,309,22.31,103,21.87,128,42.34,68,29.2,140,5.94,355,6.84,308,15.6,16,31.22,45,22.88,192,17.01,259,16.21,199,12.62,258
2022,Montana State,76.74,205,-0.49,223,0.83,73,1.04,63,1.36,46,-3.84,354,0.17,139,1.75,217,30.61,179,23.29,78,15.39,324,20.94,124,20.23,177,20.1,178,41.21,91,16.61,330,25.1,33,9.43,224,7.57,187,30.75,49,14.62,353,24.14,35,16.62,176,13.8,192
2022,Morehead State,77.25,126,0.54,110,-1.11,310,-0.44,237,0.18,154,2.28,19,-0.28,209,1.58,254,26.61,270,29.74,4,17.79,261,14.33,329,16.96,292,21.15,146,48.43,24,17.62,316,14.48,226,6.54,316,12.9,46,35.9,9,15.15,350,13.79,345,14.52,265,20.6,8
2022,Morgan State,76.26,283,-0.27,199,-1.34,328,-1.05,310,-1.1,297,0.28,159,-0.81,277,2.67,13,38.93,30,23.38,74,19.79,176,22.6,71,19,220,15.21,321,28.58,292,23.5,236,21.81,79,11.09,172,14.99,28,25.49,178,22.08,225,29.78,3,11.13,351,11.51,308
2022,Mount St. Mary's,77.3,119,-0.16,177,1.47,32,0.75,84,1.22,56,-1.54,306,0.66,82,2.16,111,30.92,172,19.47,184,22.91,71,15.69,307,17.89,264,24.02,73,44.75,46,27.33,166,14.56,225,6.76,311,6.56,233,26.7,133,21.33,256,19.88,155,15.74,215,16.32,94
2022,Murray State,76.63,227,0.33,133,-0.24,215,-0.32,222,-0.9,283,-0.52,235,0.05,160,1.59,250,26.06,285,27.65,15,13.24,351,21.85,92,16.42,302,20.78,166,41.37,86,33.36,69,6.24,352,13.28,122,5.66,278,29.68,68,20.16,285,19.77,160,20.64,46,9.68,348
2022,N.C. State,77.73,67,1.16,52,0.2,134,1.05,62,0.29,145,1.18,89,0.68,81,1.38,300,26.13,279,10.89,358,23.12,63,27.41,8,22.93,81,15.58,313,35.42,187,15.9,335,24.94,35,8.68,250,14.99,27,16.51,354,21.91,232,25.37,18,18.66,99,17.5,54
2022,NJIT,77.1,148,0.02,168,0.12,160,-0.48,241,0.72,101,0.35,156,0.07,156,2.39,58,30.93,171,19.46,185,19.91,171,23.93,41,20.37,171,16.29,298,32.54,246,26.32,177,13.38,254,12.52,140,15.21,24,25.18,188,21.35,255,19.6,168,13.72,293,20.11,12
2022,Navy,76.41,261,-1.76,346,-1.31,323,-0.67,265,0.49,119,0.5,138,-1.53,345,2.34,68,39.08,28,22.74,90,20.46,151,20.42,139,23.79,58,12.54,351,31.96,255,20.94,275,22.99,64,13.32,120,10.73,87,21.6,307,24,153,19.83,157,19.87,64,14.64,161
2022,Nebraska,77.71,69,0.51,115,1.48,30,0.98,67,0.36,138,0.46,142,0.99,63,1.42,288,32.35,140,14.12,330,22.53,79,22.28,82,21.97,112,19.11,208,27.61,300,37.2,28,13.96,236,14.57,98,6.67,232,25.26,183,23.88,158,16.36,285,21.09,35,13.4,214
2022,Omaha,76.72,208,-0.9,268,-0.16,204,0.07,151,-0.48,236,0.28,159,-0.53,241,1.82,199,36.91,56,20.43,155,26.2,19,19.36,171,15.93,311,18.08,248,35.54,182,14.68,342,26.23,20,11.26,166,12.29,55,23.87,235,17.16,335,23.66,45,18.48,105,16.83,79
2022,Nevada,78.47,14,2.84,10,0.85,69,1.07,48,1.22,54,1.61,50,1.85,12,1.89,183,26.48,271,26.89,20,10.88,358,11.58,353,21.93,113,28.72,16,43.17,57,18.56,307,19.61,114,13.98,106,4.68,319,27.94,104,15.52,347,18.23,211,20.18,54,18.13,41
2022,New Hampshire,76.88,183,-0.68,247,-0.82,288,-0.1,197,-0.04,170,1.28,70,-0.75,273,2.13,121,22.84,321,18.32,223,21.69,106,21.34,108,19.17,211,19.46,195,35.82,177,22.24,255,15.8,202,16.97,55,9.12,129,22.14,291,16.51,340,19.96,150,19.77,67,21.58,5
2022,New Mexico,76.78,194,1.2,50,-0.1,197,-0.4,229,-1.16,301,-0.4,225,0.55,99,1.47,280,27.14,262,13.96,331,14.43,336,16.77,280,26.52,17,28.26,19,40.08,107,23.74,225,20.99,87,6.79,309,8.3,154,24.33,212,23.25,178,20.4,135,15.25,236,16.69,82
2022,New Mexico State,78.08,43,0.67,97,0.2,134,1.36,37,1.16,60,2.22,25,0.43,114,2.03,145,31.99,149,17.73,243,18.26,245,27.78,5,18.88,229,17.31,274,27.41,302,30.03,119,15.98,197,14.32,101,12.21,57,20.2,331,17.98,325,25.5,17,18.98,90,17.3,57
2022,New Orleans,76.08,308,0.43,121,0.88,67,-1.06,311,-1.82,337,-2.8,347,0.65,83,1.89,178,28.63,233,16.68,279,15.96,317,19.1,186,29.2,3,19.07,212,34.99,198,29.12,141,18.87,127,9.05,237,7.97,170,24.07,226,20.58,275,19.12,181,21.36,32,14.87,153
2022,Niagara,76.2,290,-0.68,248,-0.32,219,-1.55,331,-0.16,185,-1.04,274,-0.5,236,2.4,53,27.61,252,18.93,201,21.2,124,22.34,77,24.17,48,13.36,342,38.5,127,34.95,55,11.31,292,9.18,232,6.06,259,29.02,81,25.95,96,18.01,216,15.76,213,11.26,318
2022,Nicholls State,76.92,180,0.38,125,-0.44,237,-0.73,269,-0.16,185,0.76,111,-0.03,169,2.36,65,31.26,161,13.9,334,18.61,231,20.68,133,17.78,268,28.97,12,29.99,277,34.57,58,12.22,279,14.69,96,8.46,148,19.8,337,29.31,31,18.66,196,19.11,83,13.05,232
2022,Norfolk State,76.67,220,-1.3,307,-0.04,187,0.67,89,-1.16,301,0.4,152,-0.67,266,2.49,33,29.71,207,18.75,213,16.49,305,15.09,317,22.79,87,26.84,27,38.18,130,18.97,304,19.89,103,12.77,131,10.11,100,22.11,294,24.58,135,19.84,156,13.92,285,19.51,19
2022,North Alabama,75.31,352,-0.08,174,-1.18,316,-1.53,330,-2.63,355,-2.78,346,-0.63,259,1.12,332,38.87,32,15.96,299,16.29,309,16.64,285,26.3,18,24.79,57,33.02,236,29.27,137,19.65,113,10.19,198,7.84,173,26,156,23.84,160,16.16,292,16.03,204,17.96,45
2022,North Carolina,78.27,31,1.1,64,2.09,7,2.55,4,0.98,71,-0.15,191,1.59,24,1.78,209,19.92,347,25.94,28,22.89,73,9.63,358,20.46,168,21.03,154,50.45,12,24.51,211,16.69,183,3.16,357,5.1,305,36.3,8,21.46,252,15.24,320,12.09,333,14.83,156
2022,North Carolina A&T,76.82,190,0.37,129,-0.74,266,-0.06,190,-0.97,290,0.74,112,-0.19,195,2.23,89,37.08,52,16.83,275,23.96,44,23.4,54,17.75,270,18.05,250,33.08,233,23.68,228,15.42,210,5.82,333,21.99,3,19.37,340,25.37,113,21.58,88,19.23,79,14.44,167
2022,North Carolina Central,75.91,323,-0.6,231,-1.34,325,-2.32,352,-1.16,301,0.19,178,-0.97,300,2.4,52,33.73,116,18.14,231,17.08,287,17.71,246,20.74,160,26.33,33,25.69,317,27.99,149,16.84,178,13.46,118,16.02,15,28.19,97,21.96,230,18.16,213,14.83,255,16.86,77
2022,North Dakota,76.55,237,-0.16,177,-1.72,345,-0.93,290,-0.5,238,1.28,70,-0.94,294,1.48,278,36.55,62,20.2,161,18.02,255,25.21,20,18.59,237,17.98,253,37.83,139,32.56,76,17.59,156,6.04,330,5.98,263,24.24,218,21.29,258,21.37,95,18.02,123,15.08,143
2022,North Dakota State,78.19,36,1.4,36,1.4,36,0.59,100,1.74,24,1.06,92,1.4,34,1.35,302,30.67,177,25.09,39,23.63,50,19.14,183,16.22,305,15.9,304,33.03,235,30.78,111,12.38,273,15.84,76,7.94,172,24.04,229,25.5,108,21.92,81,16.41,185,12.11,279
2022,North Florida,77.21,132,0.28,138,0.37,113,0.34,126,-0.41,226,0.71,116,0.32,128,0.76,352,38.32,36,22.65,92,19.08,205,14.06,334,21.84,115,22.35,115,42.54,66,24.21,216,18.64,135,7.17,298,7.41,197,26.67,134,25.57,107,19.66,163,14.39,269,13.69,200
2022,North Texas,75.95,317,-0.29,202,-0.93,297,-0.97,306,-1.62,327,-1.19,286,-0.61,257,2.03,146,20.76,343,21.93,114,23.45,54,17.3,262,14.35,339,22.93,99,41.81,75,31.91,89,8.51,333,10.08,202,7.65,183,29.83,65,24.82,127,13.61,349,15.17,241,16.53,88
2022,Northeastern,78.37,24,-1.16,294,0.4,109,2.07,11,2.79,5,2.95,7,-0.38,221,2.11,125,29.81,203,21.77,118,21.58,110,24,40,21.13,140,11.45,356,13.44,358,40.84,9,29.76,10,5.3,345,10.57,91,23.32,254,26.25,88,16.75,270,20.95,38,12.66,255
2022,Northern Arizona,77.38,104,-0.31,205,0.78,76,2.01,17,1,69,-1.37,297,0.23,133,1.08,336,29.73,206,16.21,293,20.33,156,17.2,267,14.87,331,31.33,4,26.24,314,11.2,351,37.12,1,17.41,50,7.96,171,22.12,292,19.65,300,28.32,9,18.45,107,11.38,313
2022,Northern Colorado,76.63,226,-0.07,173,0.53,98,-0.27,213,-0.75,266,-1.08,277,0.23,134,2.63,19,21.94,334,15.27,311,16.8,292,27.61,6,23.15,74,17.13,276,47.48,27,31.25,104,10.1,313,7.85,281,3.24,348,33.61,19,22.13,223,17.9,226,14.34,270,11.98,285
2022,Northern Illinois,76.31,275,-0.72,256,0.05,176,-1.1,312,-0.94,287,-0.54,240,-0.33,217,2.31,74,30.79,174,17.82,238,17.7,263,24.11,36,23.25,72,17.06,280,35.18,193,35.73,43,11.6,288,6.89,306,10.52,92,26.88,130,20.94,269,18.83,189,18.08,122,15.21,136
2022,Northern Iowa,76.25,284,-1.8,347,-1.51,336,-0.84,282,0.84,76,-0.2,200,-1.65,350,1.43,285,27.31,257,22.39,98,20.1,165,13.76,340,23.91,56,19.81,184,36.91,154,16.84,327,30.19,6,7.66,287,8.33,152,25.2,186,21.77,242,21.06,106,19.38,73,12.55,262
2022,Northern Kentucky,75.81,331,-1.01,277,-0.93,294,-0.52,246,-0.87,281,-2.42,337,-0.97,298,1.67,233,28.21,239,17.48,248,16.15,311,21.55,103,29.46,2,15.35,317,51.34,11,19.85,289,12.13,280,9.93,210,6.73,228,37.24,6,24.6,133,16.49,277,10.77,354,10.87,331
2022,Northwestern,77.45,95,0.84,80,1.57,28,-0.8,278,-0.4,225,1.28,70,1.21,44,1.89,180,38.9,31,29.3,5,16.93,290,15.96,298,15.09,328,22.68,104,32.02,254,23.16,241,26.91,18,9.68,217,8.16,160,30.43,57,22.69,196,17.91,225,16.43,183,12.5,263
2022,Northwestern State,75.78,333,-0.64,239,0.3,124,-0.18,201,-1.41,316,-3.93,356,-0.17,192,1.14,328,42.9,6,19.54,183,23.32,56,17.31,260,20.11,186,19.7,187,33.29,227,37.24,27,18.76,131,6.89,305,3.77,344,27.67,107,35.44,3,16.47,281,12.55,322,7.84,357
2022,Notre Dame,78.09,42,0.53,111,0.37,112,0.32,127,1.84,17,2.61,9,0.45,112,1.85,191,23.02,317,19.87,172,23.62,52,16.1,297,22.95,79,17.42,271,28.96,287,34.33,63,10.7,302,15.86,75,10.07,101,29.58,70,20.96,267,17.91,222,18.59,100,12.89,237
2022,Oakland,76.39,263,-1.86,349,-0.74,265,0.91,74,0.59,114,-1.71,314,-1.3,333,1.07,339,13.71,357,27.89,14,19.52,187,17.55,252,12.8,352,22.21,117,35.8,178,22.09,260,24.95,34,8.22,269,8.87,135,34.11,16,22.53,204,14.58,328,12.18,332,16.55,86
2022,Ohio,76.41,260,-0.95,272,1.2,46,0.03,177,-2.16,346,-0.84,267,0.12,149,2.06,139,22.85,320,18.64,216,22.54,78,15.96,299,20.46,167,22.38,114,36,172,20.98,274,14.96,218,15.3,83,12.71,49,23.62,241,26.79,76,17.55,237,15.47,227,16.53,87
2022,Ohio State,77.25,125,-0.63,238,0.21,132,0.84,82,0.47,122,0.57,127,-0.21,198,1.87,189,34.97,85,20.6,149,29.48,5,15.48,310,20.67,162,13.74,338,36.03,171,35.46,46,11.67,286,8.14,271,8.67,140,28.39,92,27.21,65,17.55,236,13.05,312,13.76,194
2022,Oklahoma,76.91,182,0.46,119,0.32,121,-1.2,319,-0.28,214,0.46,143,0.39,120,2.42,46,29.05,222,23.04,84,16.77,294,17.41,256,20.18,181,22.6,108,34.79,201,31.31,101,16.98,174,12.73,132,4.18,335,28.33,94,23.93,156,22.11,75,13.51,298,12.12,277
2022,Oklahoma State,77.69,71,0.04,164,0.21,133,0.07,151,1.53,38,1.83,36,0.12,148,1.75,216,37.06,53,23.13,81,17.35,277,19.16,182,16.32,303,23.98,75,41.02,93,30.3,118,6.76,350,16.58,60,5.27,297,25.66,173,24.42,140,14.03,341,20.24,53,15.59,115
2022,Old Dominion,76.44,251,-1.48,324,0.2,134,0.27,130,-0.65,258,-0.89,268,-0.64,263,1.84,193,22.83,322,26.6,22,20.6,146,14.04,335,22.88,84,15.8,307,36.51,162,36.35,33,13.71,246,6.92,304,6.41,242,32.44,30,27.22,64,15.26,318,10.79,353,14.2,174
2022,Oral Roberts,75.63,340,-2.16,350,-0.53,245,-0.85,284,-2.34,350,-0.72,253,-1.34,338,1.99,160,29.51,215,19.8,175,13.23,352,14.45,326,22.78,88,29.72,8,53.89,7,20.87,278,13.85,243,7.09,299,4.22,334,26.25,149,26.68,80,20.51,130,13.73,291,12.8,245
2022,Oregon,78.12,40,1.77,26,0.82,74,1.04,65,0.7,104,1.48,58,1.3,40,2.31,73,27.85,246,19.46,186,19.75,178,17.92,237,23.41,67,19.45,196,41.01,94,25,201,17.03,172,10.54,183,6.43,239,30.59,51,23.46,170,18.66,195,14.29,276,13,234
2022,Oregon State,78.41,20,2.38,17,1.21,44,0.81,83,1.05,63,1.82,40,1.8,15,2.1,126,34.64,94,21.36,128,21.83,101,16.27,292,19.56,197,20.96,158,37.9,133,30.92,106,11.28,295,9.19,231,10.66,89,24.63,203,27.44,59,19.79,159,13.94,284,14.18,176
2022,Pacific,76.62,230,-1.27,305,-0.8,272,0.62,94,-0.06,173,-0.17,195,-1.04,309,1.81,202,34.86,89,19.89,171,24.7,33,22.78,69,18,260,14.59,326,37.7,143,25.05,200,17.83,150,11.24,168,8.09,164,26.99,126,27.88,49,20.95,110,12.46,325,11.66,303
2022,Pennsylvania,76.83,189,-1.45,322,-0.8,272,-0.09,194,0.52,118,1.18,88,-1.13,319,1.45,282,36.94,55,15.1,315,17.32,279,14.2,331,23.28,71,30.09,6,33.72,219,29.21,139,12.22,278,12.06,149,12.76,48,23.16,260,26.68,81,20.35,136,16.91,165,12.9,236
2022,Penn State,76.59,232,-0.19,191,-0.37,230,-0.92,289,0.39,133,-0.72,253,-0.28,208,2.7,11,23.94,311,21.94,113,20.8,140,16.82,276,19.54,199,20.89,160,58.56,3,19.8,290,8.35,334,6.22,323,7.05,216,36.63,7,21.27,260,14.36,334,14.57,262,13.18,227
2022,Pepperdine,77.51,90,0.12,153,1.19,49,0.69,88,0.78,97,-0.02,186,0.65,84,1.36,301,35.1,79,21.43,127,25.39,27,21.03,120,17.47,279,14.65,325,35.76,179,24.37,213,10.21,310,16.14,67,13.48,35,24.36,210,21.11,263,19.48,171,19.13,82,15.88,105
2022,Pittsburgh,78.29,30,0.58,106,1.41,35,1.29,43,1.55,36,1.86,34,0.99,64,1.87,186,27.92,244,24.45,53,22.73,75,14.99,321,22.02,111,15.73,310,30.48,271,34.55,59,16.23,193,10.21,197,8.46,149,28.8,84,25.41,110,17.13,255,14.79,256,13.81,191
2022,Portland,77.64,80,-0.27,200,0.53,99,0.62,95,1.02,67,1.54,53,0.13,146,0.83,351,22.58,327,20.14,166,24.25,41,19.95,154,22.55,97,13.11,346,29.88,280,18,314,26.59,19,17.95,45,7.58,186,23.15,262,23.13,184,21.97,78,19.51,70,12.25,275
2022,Portland State,76.73,207,0.81,86,-0.93,296,0.07,151,-1.38,314,0.28,159,-0.06,173,2.13,120,35.61,69,22.08,110,24.28,39,16.47,289,13.74,348,23.39,85,27.24,306,35.99,39,12.31,276,12.01,152,12.35,53,30.42,58,22.14,222,15.3,314,15.1,242,16.97,71
2022,Prairie View,77.1,150,-1.54,331,0.2,134,0.91,75,0.22,152,0.91,101,-0.67,267,2.47,37,29.45,216,13.38,347,25.96,21,22.95,63,23.28,70,14.39,328,24.8,323,17.1,322,31.2,3,8.7,249,18.15,9,24.79,201,23.63,163,25.16,19,13.1,309,13.27,223
2022,Presbyterian,77.38,106,-1.33,313,0.17,154,-0.03,187,0.84,76,2.46,13,-0.58,252,1.55,266,34.57,97,15.07,317,24.64,35,17.03,270,22.41,100,20.85,162,23.53,337,31.42,95,18.89,126,14.18,104,11.99,62,22.75,278,24.93,120,18.73,193,18.7,97,14.89,152
2022,Princeton,76.99,164,-1.03,280,-0.37,229,-0.93,290,0.84,76,1.66,45,-0.7,269,2.39,56,20.02,346,25,40,15.82,318,13.3,347,21.33,133,24.55,62,46.67,37,10.43,353,10.03,314,14.24,102,18.63,8,22.12,293,17.54,330,17.16,253,25.03,8,18.16,40
2022,Providence,77.71,70,0.27,140,1.11,53,1.78,23,1.32,48,-0.72,252,0.69,80,2.74,6,24.5,302,25.59,33,16.3,308,14.42,327,22.03,110,21.64,134,38.52,126,26.28,180,23.5,52,6.13,327,5.55,284,23.03,269,31.27,13,17.28,248,13.27,306,15.14,139
2022,Purdue,78.45,17,3.71,3,0.44,106,0.27,131,1.02,65,2.02,26,2.07,9,1.77,211,36.53,63,28.33,11,16.68,297,17.18,268,16.25,304,21.57,137,52.2,10,25.51,190,7.22,345,7.28,297,7.8,175,33.3,20,24.33,141,15.95,299,11.5,344,14.92,151
2022,Purdue-Fort Wayne,76.39,264,-0.48,220,0.06,172,-0.1,195,0.84,76,-3.14,348,-0.21,197,2.59,20,25.38,293,15.33,309,18.15,248,24.97,23,22.85,86,18.7,226,64.41,1,7.97,358,8.86,328,13.39,119,5.36,290,20.57,323,24.12,150,24.2,32,19.11,84,12,283
2022,Quinnipiac,76.47,248,-0.77,259,-0.76,268,0.47,111,0.28,147,-1.63,311,-0.77,274,1.96,167,28.83,229,18.1,232,18.66,230,19.43,168,21.74,118,22.07,119,41.73,78,15.37,338,19.84,104,13.49,117,9.56,111,37.27,5,17.02,336,13.98,343,16.77,170,14.96,149
2022,Radford,76.33,273,-0.91,269,0.08,168,-1.17,317,-1.43,317,0.28,159,-0.41,225,2.2,100,41.06,13,21.02,139,22.97,69,13.21,348,21.16,138,21.65,133,33.62,220,28.96,143,17.41,162,15.03,88,4.99,309,18.66,346,26.99,72,22.36,70,15.98,206,16.01,101
2022,Rhode Island,76.92,178,0.52,114,0.58,94,-0.62,257,-0.93,284,0.28,159,0.55,100,1.53,272,34.62,95,24.15,61,21.17,126,18.54,211,17.86,265,18.23,243,24.1,333,33.41,68,18.71,133,18.82,33,4.9,311,30.49,53,27.65,52,17.21,251,10.91,352,13.68,201
2022,Rice,76.68,216,1.31,47,-1.21,318,-1.4,326,-0.51,240,0.45,145,0.05,159,1.54,269,29.3,219,22.23,103,20.19,160,22.35,76,14.13,344,21.09,151,47.81,26,27.78,152,9.64,321,9.27,230,5.5,287,29.22,76,22.24,216,24.45,29,11.18,350,12.91,235
2022,Richmond,76.65,224,0.55,109,0.4,110,1.48,32,-0.26,208,-3.69,352,0.47,109,2.65,18,26.47,272,24.41,55,20.15,161,21.87,91,14.58,335,18.95,218,24.27,331,34.2,65,22.63,71,10.54,182,8.33,153,27.37,114,21.15,262,25.11,21,13.9,286,12.42,266
2022,Rider,75.9,324,-1.54,329,-0.67,256,-1.37,324,-1.16,301,-0.56,244,-1.1,317,2.39,60,24.1,308,18.17,229,25.93,22,15.86,305,18.87,231,21.13,147,34.1,212,33.21,70,17.47,158,5.64,341,9.54,113,25.82,166,23.49,168,20.5,132,7.83,358,22.31,3
2022,Robert Morris,76.57,234,-0.22,193,0.25,131,-0.25,211,-0.31,217,-1.38,298,0.01,164,2.07,136,30.2,191,22.15,107,24.55,36,16.96,273,17.94,261,18.41,232,30.14,276,31.86,90,7.75,339,22.99,14,7.26,202,25.44,179,29.55,27,12.67,351,20.44,48,11.9,291
2022,Rutgers,78.73,7,1.32,44,0.33,119,1.2,45,2.84,2,3.18,3,0.83,71,2.08,133,22.8,323,23.47,73,14.68,332,17.57,251,24.67,36,19.61,189,32.52,248,21.95,264,20.76,93,17.1,53,7.67,181,29.06,80,19.71,298,20.11,144,21.5,31,9.63,349
2022,SIU Edwardsville,76.77,202,-0.66,245,0.2,134,-0.14,199,-0.62,257,0.28,159,-0.23,203,1.17,323,27.65,251,18.8,211,19.27,194,17.86,241,25.77,26,18.25,241,31.02,261,22.17,258,18.11,145,18.97,31,9.66,108,26.99,127,18.11,324,16.62,273,18.21,119,20.02,14
2022,SMU,76.1,304,-0.3,204,-2.22,356,-1.33,323,-0.16,185,-0.25,207,-1.26,330,2.49,32,29.87,202,15.36,308,20.11,164,17.31,261,18.48,243,28.74,14,34.44,207,28.43,148,13.22,258,14.39,100,9.52,116,23.35,253,21.31,257,15.3,316,23.48,14,16.56,84
2022,Sacramento State,77.2,133,0.38,126,-0.99,305,0.07,151,-0.15,182,1.89,32,-0.3,213,1.85,192,22.66,325,13.39,346,31.5,1,17.32,259,22.32,102,15.39,316,35.47,186,21.4,270,28.91,11,7.8,284,6.31,247,27.61,111,23.38,174,17.89,227,16.05,203,14.99,148
2022,Sacred Heart,75.48,346,-2.7,357,-0.94,298,-1.93,343,-1.27,312,-0.55,242,-1.82,354,1.96,168,28.65,232,16.71,278,21.24,122,19.55,164,26.78,13,15.65,312,36.67,157,36.73,32,13.98,234,7.02,300,5.51,285,35.76,10,32.16,10,11.6,354,10.41,355,9.98,343
2022,Saint Joseph's,78.45,16,1.1,62,1.08,57,1.62,27,1.84,17,1.83,37,1.09,55,1.72,226,19.1,352,21.33,129,21.55,111,21.84,93,14.28,341,20.99,156,46.81,36,20.87,277,12.47,271,13.02,127,6.82,223,27.27,117,22.3,214,23.45,50,16.64,175,10.35,340
2022,Saint Louis,76.14,298,-0.62,237,-1.16,315,-0.4,231,-0.81,272,-1.09,278,-0.89,290,1.03,343,25.45,290,23.93,66,19.38,188,21.11,114,18.95,224,16.61,291,42.02,73,16.36,332,13.54,249,21.05,21,6.98,217,32.57,27,13.8,354,15.01,324,22.79,18,15.8,108
2022,Saint Mary's,77.82,61,0.62,102,0.85,70,1.84,20,-0.27,211,1.28,70,0.74,77,2.3,79,23.18,316,23.56,72,16.7,296,19.43,169,18.84,233,21.46,139,46.86,35,23.93,221,11.83,284,10.16,199,7.22,208,23.02,270,26,93,17.19,252,14.33,273,19.47,21
2022,Saint Peter's,76.18,295,-1.36,315,0.2,134,-0.8,279,-0.8,269,-1.1,280,-0.58,251,1.89,177,40.67,16,17.27,264,21.22,123,18.5,216,23.93,55,19.05,214,41.62,79,29.77,126,12.56,268,7.51,289,8.48,146,23.6,243,32.86,8,18.26,210,13.71,294,11.51,305
2022,Sam Houston State,75.55,344,-0.61,234,-0.82,287,-2.24,351,-1.16,301,-2.21,329,-0.72,271,2.01,152,32.08,148,25.37,35,20.37,154,16.81,277,18.56,238,18.88,220,29.68,284,35.11,52,12.89,265,18.11,39,4.18,336,29.46,72,25.41,111,16.61,274,15.73,217,12.77,248
2022,Samford,77.06,157,0.63,100,-0.8,272,0.15,149,0.45,126,0.07,181,-0.08,179,1.16,326,35.99,67,19.68,180,21.77,104,20,152,10.51,357,28.01,20,23.28,338,36.05,36,22.21,75,10.88,177,7.52,192,24.34,211,30.66,19,15.12,321,17.19,155,12.63,257
2022,San Diego,76.51,241,0.8,87,-0.78,269,-1.11,313,-0.16,185,-0.96,270,0.01,165,2.27,84,39.19,26,20.41,156,26.57,15,15.45,312,21.62,126,15.96,302,42.76,63,29.28,135,13.48,251,4.45,354,10.02,102,29.82,66,27.85,50,13.74,346,15.23,237,13.36,218
2022,San Diego State,77.27,124,0.46,118,0.35,117,-0.41,233,-0.12,179,1.3,67,0.41,118,2.48,34,34.24,102,16.75,276,21.48,113,28.47,2,16.07,308,17.2,275,44.27,49,23.27,240,23.02,63,4.5,352,4.86,312,28.33,95,22.69,197,23.97,37,13.21,307,11.76,298
2022,San Francisco,77.34,112,0.98,72,1.92,14,0.09,150,-0.84,274,-0.23,202,1.45,29,2.3,78,30.2,190,13.5,344,21.42,114,18.01,234,22.61,95,24.45,64,32.99,237,42.38,6,11.68,285,6.06,328,6.88,220,18.95,344,29.45,29,18.35,207,17.85,132,15.38,127
2022,San Jose State,78.02,46,0.57,107,1.1,56,1.18,46,1.58,35,0.9,102,0.83,70,1.07,338,30.05,197,20.74,147,18.99,210,20.29,147,24.23,44,15.7,311,33.1,232,17.39,320,24.94,36,18.9,32,5.58,282,31.31,42,19.69,299,18.42,203,18.24,117,12.27,272
2022,Santa Clara,78.31,28,0.84,80,1.72,21,1.67,25,1.63,30,0.92,99,1.28,42,2.31,75,21.46,338,12.14,354,22.9,72,22.26,83,22.57,96,20.08,179,46.88,34,27.73,155,10.11,312,7.65,288,7.53,191,23.07,267,23.44,173,24.02,36,16.2,200,13.19,225
2022,Seattle,76.12,300,-0.49,224,-0.36,225,0.9,78,-1.76,334,-2.44,341,-0.43,226,0.97,346,33.12,130,14.61,323,14.13,344,22.84,67,22.34,101,26.02,37,24.73,325,36.01,37,17.77,152,15.14,85,6.23,253,20.03,332,26.03,92,19.61,167,19.08,86,15.17,138
2022,Seton Hall,78.87,5,2.8,12,1.84,15,1.07,48,2.84,2,1.04,95,2.32,7,2.56,21,33.8,115,13.86,335,19.71,180,19.13,185,24.03,51,23.27,89,36.86,155,30.81,110,11.86,283,14.24,103,6.23,252,20.54,325,29.69,24,17.41,241,22.66,21,9.69,347
2022,Siena,76.55,236,-0.7,250,-1.52,338,-0.66,263,0.83,93,0.03,183,-1.11,318,2.07,137,27.36,255,19.7,179,18.13,249,18.02,233,23.77,59,20.33,173,38.65,124,19.23,300,22.69,68,11.08,173,8.28,156,25.69,171,29.55,26,21.2,104,12.48,324,11.02,327
2022,South Alabama,77.9,55,-0.66,243,0.47,103,1.07,48,1.28,51,2.56,10,-0.1,180,2.42,48,26.62,269,15.16,313,20.93,133,13.72,341,24.6,38,25.54,44,16.65,357,40.45,12,22.6,72,8.26,267,11.99,61,22.08,298,28.1,45,16.4,283,16.26,195,17.1,66
2022,South Carolina,77.3,121,0.77,91,-0.85,292,-0.93,290,0.81,94,1.9,31,-0.04,171,2,158,41,14,14.47,325,17,288,26.31,14,20.99,147,21.19,143,39.17,114,29.38,133,10.88,300,7.38,293,13.1,44,25.95,159,21.91,234,18.95,186,14.2,277,18.93,25
2022,South Carolina State,76.78,198,-0.51,226,0.47,102,1.07,48,-0.15,183,-1.78,317,-0.02,168,1.04,341,36.64,60,21.32,130,18.28,243,20.74,130,20.15,183,19.45,197,29.99,278,33.19,71,10.45,304,18.56,36,7.73,179,23.11,266,25.89,98,18.84,188,20.92,40,11.18,321
2022,South Dakota,75.92,321,-0.98,275,-1.35,329,-1.59,333,-0.66,259,-0.59,246,-1.16,321,2.3,76,27.16,261,21.5,125,13.97,346,18.42,217,23.39,68,22.72,103,25.59,318,41.43,8,12.36,274,12.51,141,8.11,162,27.48,112,25.94,97,13.83,344,18.34,110,14.4,169
2022,South Dakota State,76.69,213,-1.32,312,-0.33,221,-0.29,216,0.12,160,0.52,133,-0.83,281,1.42,293,30.35,186,22.53,94,26.78,13,21.02,121,15.48,322,14.13,332,34.29,209,32.53,77,8.26,336,9.77,214,15.07,25,21.97,301,26.5,82,22.61,61,15.29,234,13.55,210
2022,South Florida,78.16,37,1.43,32,0.19,153,0.51,107,0.84,76,3.06,5,0.81,72,0.87,350,37.67,45,19.7,178,18.37,238,19.32,173,20.9,150,21.65,132,37.47,148,22.29,253,28.76,13,6.63,314,4.79,315,25.33,180,20.16,284,20.13,142,18.35,108,15.98,102
2022,Southeast Missouri State,75.42,347,-1.12,293,-1.7,344,-1.53,329,-1.41,315,-1.93,322,-1.41,340,1.32,312,35.56,71,20.08,167,13.7,348,19.02,194,24.57,39,22.56,109,37.94,132,22.13,259,13.94,237,13.11,126,12.78,47,21.31,314,27.28,63,24.39,30,14.48,266,12.47,265
2022,Southeastern Louisiana,75.87,327,-2.31,353,-0.8,272,0.16,144,-0.61,254,-1.86,319,-1.56,347,2.13,119,28.46,236,19.75,176,22.64,77,16.78,279,24.28,43,16.48,293,20.97,346,34.49,60,23.46,53,11.91,153,9.09,131,23.56,246,31.18,15,22.61,62,11.44,345,11.13,323
2022,Southern,75.99,315,-1.62,336,-0.34,223,-0.45,239,-1.72,332,-0.71,251,-0.98,303,2.17,106,30.98,169,16.46,284,22.94,70,23.43,53,17.5,277,19.6,190,39.62,111,20.07,286,20.95,90,8.43,260,10.85,85,31.93,34,23.03,189,17.31,247,15.1,243,12.59,260
2022,Southern Illinois,76.91,181,-1.09,288,0.04,180,0.56,102,-0.27,213,0.54,131,-0.52,240,1.88,184,26.96,265,16.04,298,22.41,83,23.51,50,12.39,355,25.6,42,42.59,65,23.53,234,13.36,255,8.07,275,12.41,52,29.13,78,21.94,231,20.14,141,11.56,342,17.19,61
2022,Southern Miss,76.57,233,0.03,167,1.2,46,0.05,173,-2.47,352,-0.72,253,0.61,86,1.16,327,35.04,82,24.17,59,26.22,17,19.03,193,13.69,349,16.84,286,37.19,151,29.9,121,15.76,205,10.04,204,7.06,215,27.09,123,29.87,22,18.63,197,13.38,302,10.97,329
2022,Southern Utah,76.66,221,0.04,165,-0.59,250,-0.43,236,-0.16,185,-0.32,215,-0.27,207,2.78,5,29.71,208,22.17,106,21.49,112,18.89,201,21.67,121,15.75,309,25.46,319,35.93,40,16.81,180,14.77,92,6.96,218,22.83,275,25.28,115,20.71,120,15.56,224,15.58,116
2022,State Bonaventure,77.31,117,0.52,113,-1.8,349,0.03,175,0.75,99,2.28,19,-0.64,262,2.73,8,11.25,358,20.98,142,23.04,66,18.36,222,19.24,207,18.36,236,43.43,56,14.35,343,16.49,188,14.49,99,11.2,78,25.03,193,22.87,193,21.82,83,17.88,130,12.38,268
2022,State Francis (NY),76.2,291,-1.21,302,-0.51,243,-0.1,196,-1.48,320,-0.46,231,-0.86,285,2.34,67,30.38,185,19.06,197,16.53,303,23.61,48,18.94,226,21.85,129,29.75,282,29.81,124,18.22,142,10.13,201,12.1,58,21.71,306,24.7,128,29.16,7,13.06,310,11.37,314
2022,St. Francis PA,77.13,143,0.85,78,0.13,159,-0.31,220,0.41,128,-0.2,199,0.49,107,1.82,197,37.71,44,24.52,50,20.03,168,21.51,104,20.22,179,13.73,339,42.83,62,28.63,145,13.97,235,9.61,219,4.96,310,31.51,41,21.66,245,16.18,291,18.23,118,12.42,267
2022,St. John's (NY),77.66,75,0.98,73,1.43,33,0.7,87,0.57,115,-0.16,194,1.2,45,1.96,169,34.02,110,17.11,269,23.96,45,20.53,138,17.46,280,20.88,161,27.35,305,18.08,311,13.91,241,14.75,93,25.85,1,30.13,63,24.92,121,16.48,279,17.92,129,10.48,339
2022,St. Thomas (MN),75.23,353,-2.58,355,-2.46,358,-1.93,343,-0.96,288,-0.72,253,-2.52,358,2.66,15,30.45,184,21.87,115,16.47,306,16.47,288,20.57,164,24.54,63,35.25,192,35.24,50,5.48,356,9.6,220,14.36,30,33.73,17,23.46,171,9.87,358,14.54,264,18.33,36
2022,Stanford,79.17,3,1.13,56,1.99,12,3.07,2,3.04,1,1.83,39,1.56,25,1.29,314,36.86,57,17.43,251,23.27,59,21.3,110,21.7,119,16.26,300,31.61,257,23.47,237,20.76,94,19.48,27,4.64,321,25.67,172,19.57,303,23.92,38,16.34,190,14.46,166
2022,Stephen F. Austin,75.82,330,-1.7,343,-0.36,227,-0.85,283,-1.65,329,-1.11,281,-1.03,307,1.34,307,28.67,231,20.46,154,25.78,24,17.7,247,17.19,282,18.87,221,32.8,239,33.7,67,25.8,25,5.21,348,2.49,354,25.06,192,24.49,138,21.27,100,17.32,148,11.86,293
2022,Stetson,77.12,144,0.14,151,0.16,158,-0.13,198,-0.6,252,1.28,70,0.15,142,1.41,294,34.7,93,18.92,202,16.01,313,23.83,43,15.92,313,25.23,49,43.07,59,21.99,263,22.64,69,5.75,334,6.46,237,31.07,47,18.81,316,27.3,10,11.86,337,10.87,332
2022,Stony Brook,75.92,322,-1.41,320,-1.61,342,-0.93,290,-0.52,241,-0.72,253,-1.51,344,2.07,134,33.21,127,17.45,250,20.11,163,26.71,10,16.88,296,18.82,223,20.08,350,19.74,291,29.99,7,22.91,15,7.25,203,24.82,199,23.52,166,26.14,15,17.22,153,8.26,355
2022,Syracuse,78.81,6,1.32,46,2.03,11,2.94,3,2.4,12,0.58,125,1.67,20,2.39,57,19.84,348,16.99,272,19.08,203,20.32,145,24.02,52,19.57,192,45.41,40,16.27,333,24.35,42,7.93,280,6,261,26.1,151,26.35,85,20.76,117,13.38,303,13.37,217
2022,TCU,77.93,53,1.02,70,0.2,134,1.5,31,0.63,110,1.5,54,0.61,88,1.47,279,33.39,124,16.25,292,18.84,218,22.3,80,18.95,225,23.6,81,41.23,90,26.02,184,23.86,47,5.7,336,3.11,350,20.7,321,21.97,229,20.91,112,19.7,69,16.65,83
2022,Tarleton State,75.6,341,-3.16,358,-1.37,332,-0.04,188,-0.54,246,-1.67,313,-2.27,357,1.79,208,19.75,349,16.28,290,18.98,212,23.53,49,15.93,312,25.22,51,18.48,354,19.67,293,19.1,124,18.06,41,24.61,2,21.17,316,18.36,320,24.51,28,17.72,137,18.17,39
2022,Temple,77.84,60,-0.78,261,0.58,93,1.31,42,1.84,17,1.46,60,-0.1,181,0.4,357,38.24,38,13.78,339,20.12,162,21.04,118,24.23,45,20.79,165,41.77,77,21.6,267,15.78,204,9.35,226,11.42,72,21.47,309,24.3,143,22.04,76,16.35,187,15.79,109
2022,Tennessee,76.76,203,1.42,34,0.84,72,0.26,132,-1.12,300,-2.4,336,1.13,53,1.39,298,33.9,113,16.48,283,18.28,244,18.51,213,23.76,60,22.94,98,42.34,69,27.56,161,16.06,194,8.73,247,5.26,298,24.41,209,21.68,244,21.97,77,18.29,114,13.6,203
2022,Tennessee-Martin,76.49,246,-0.23,194,-0.7,260,-0.97,305,-0.26,206,-0.19,198,-0.46,232,1.32,310,33.6,119,18.85,207,21.07,129,15.95,302,27.03,10,17.1,278,36.51,161,25.39,194,16.77,181,16.79,57,4.54,326,27.19,119,27.5,56,16.85,262,17.8,134,10.65,336
2022,Tennessee State,76.92,179,-1.05,287,0.17,156,0.55,103,-0.37,222,0.53,132,-0.44,228,2.55,24,28.6,234,17.54,245,19.78,177,25.93,16,21.24,137,15.52,314,37.54,146,37.94,24,12.36,275,5.65,340,6.51,236,26.31,148,29.07,33,16.76,269,14.1,278,13.76,195
2022,Tennessee Tech,77.1,149,0.31,137,1.28,41,0.16,146,-0.77,268,-0.26,209,0.8,73,1.62,247,34.23,103,18.99,199,19.2,197,20.66,134,18.46,245,22.65,106,23.63,336,35.18,51,17.36,163,15.38,81,8.39,150,24.62,204,25.61,105,19.42,172,16.34,189,13.95,189
2022,Texas,76.81,192,-1.02,279,-0.72,264,-0.38,227,-0.09,177,1.5,55,-0.87,286,2.67,12,31.12,166,22.48,95,20.5,150,21.83,94,14.96,330,20.24,176,41.4,85,38.75,21,10.12,311,5.05,349,4.68,318,30.23,60,24.01,151,17.86,229,15.59,222,12.31,271
2022,Texas A&M,76.15,297,-0.62,236,-0.95,300,-1.73,336,-1.16,301,0.42,149,-0.79,276,1.54,271,39.74,24,16.52,282,22.12,91,21.09,117,16.9,295,23.34,87,37.47,147,24.58,210,7.75,340,9.76,215,20.38,5,22.28,287,20.6,274,19,185,17.96,125,20.11,13
2022,Texas A&M-Corpus Chris,75.78,334,-0.95,270,-1.48,335,-0.4,230,-1.71,330,-1.35,294,-1.21,323,2.37,63,34.75,92,17.35,258,23.84,47,21.32,109,21.65,123,15.78,308,28.01,296,39.82,17,8.34,335,15.1,87,8.67,141,25.09,191,31.26,14,11.95,353,18.27,115,13.38,215
2022,Texas Southern,77.12,145,-0.16,177,1.1,54,0.54,104,0.97,73,-1.6,309,0.47,110,2.81,3,46.44,1,23.79,69,19.82,175,13.86,338,20.13,185,22.4,112,37.15,152,31.65,92,12.96,263,12.27,144,5.97,264,27.63,108,28.5,40,16.81,265,13.29,305,13.77,193
2022,Texas State,75.68,337,-1.16,294,0.08,167,-1.93,343,-0.59,249,-2.76,345,-0.54,243,2.52,28,31.21,163,18.75,214,19.68,181,17.87,240,22.66,93,21.01,155,35.92,175,36,38,13.5,250,10,206,4.56,324,25.22,185,29.61,25,14.31,336,19.97,60,10.87,333
2022,Texas Tech,78.3,29,-0.49,225,0.69,80,1.07,48,2.52,11,2.91,8,0.1,154,2.45,42,38.17,39,21.08,136,23.42,55,20.27,148,21.32,134,13.9,336,27.61,299,35.57,44,14.64,223,12.93,128,9.22,124,24.04,230,21.61,247,19.08,183,18.54,104,16.71,81
2022,The Citadel,76.27,281,-1.04,283,-1.58,340,-0.09,193,-0.46,232,-0.26,208,-1.31,334,1.89,182,22.36,330,14.66,321,28.47,8,18.7,206,18.38,250,19.75,186,26.52,313,32.18,82,11.04,298,18.11,40,12.09,59,25.13,190,32.82,9,14.1,340,15.08,244,12.83,242
2022,Toledo,76.99,165,-1.67,341,-0.04,188,-0.52,245,0.84,76,1.56,52,-0.85,284,1.27,315,18.02,355,23.22,80,19.65,184,12.62,349,24.42,40,20.1,177,32.31,251,24.24,214,18.32,140,11.74,155,13.38,39,19.58,339,20.35,279,17.03,258,22.7,19,20.34,10
2022,Towson,76.62,229,-0.87,267,-0.98,303,-0.66,264,0.47,121,0.36,153,-0.93,291,2.37,64,29.65,210,18.41,221,22.04,94,21.72,96,21.51,127,16.29,297,33.04,234,35.86,42,16.51,186,8.41,261,6.13,255,25.49,177,26.74,78,17.31,245,15.94,207,14.47,165
2022,Troy,76.71,210,0.05,163,1.13,51,0.43,115,-0.26,207,-2.59,342,0.59,91,1.41,297,46.03,2,18.79,212,20.98,131,18.4,218,20.8,154,21.03,152,25.98,315,34.4,61,20.01,99,12.05,150,7.55,189,30.45,56,26.3,87,14.6,327,15.84,209,12.8,246
2022,Tulane,76.69,214,-1.03,281,-1.42,333,0.07,151,1.19,58,-0.13,190,-1.23,325,0.73,353,28.22,238,20.49,153,13.89,347,15.95,301,23.68,63,25.99,39,34.8,200,30.91,108,10.47,303,10.3,193,13.52,34,31.82,35,21.27,261,20.13,143,17.54,143,9.25,352
2022,Tulsa,77.19,134,-0.48,221,0.1,164,-0.57,251,-0.16,185,2.28,19,-0.19,196,2.16,109,30,200,19.38,189,26.26,16,10.61,357,16.9,294,26.83,28,45.68,38,20.85,279,8.76,329,17.18,52,7.46,195,27.38,113,29.41,30,17.5,238,15.47,228,10.21,342
2022,UAB,76.64,225,1.06,67,-0.22,212,-0.93,290,-0.34,220,-1.13,283,0.42,115,2.18,102,30.67,176,13.31,348,18.04,253,19.19,181,19.04,217,30.42,5,41.59,81,31.32,100,16.33,192,8.82,241,1.93,358,28.61,86,22.28,215,19.62,165,16.71,173,12.78,247
2022,UC Davis,76.28,280,-0.52,227,-1.67,343,-0.63,259,0.71,102,-1.28,291,-1.1,316,1.11,333,26.12,280,18.63,217,14.19,341,17.17,269,25.6,30,24.37,67,49.77,17,18.58,306,7.57,341,8.77,245,15.25,23,21.75,303,22.01,228,21.05,107,21.06,37,14.09,182
2022,UC Irvine,77.36,108,1.12,60,1.06,59,-0.36,224,-0.54,247,0.72,114,1.09,56,1.54,267,39.9,23,19.2,192,24.14,42,17.84,244,15.14,327,23.58,82,43.76,53,29.37,134,9,326,9.18,233,8.55,143,31.75,36,27.3,61,14.03,342,12.66,320,14.16,177
2022,UC Riverside,78.7,10,3.38,5,0.73,77,0.48,110,1.02,66,3.1,4,2.06,10,2.01,151,22.65,326,20.18,163,17.36,275,17.6,250,21.31,135,23.48,84,35.05,196,30.4,117,19.23,121,6.93,303,8.29,155,29.94,64,15.24,348,14.51,330,18.19,120,22.04,4
2022,UC San Diego,77.18,135,-0.7,252,-0.38,231,0.07,151,1.41,42,0.71,117,-0.54,245,1.58,253,26.68,268,29.12,6,25.37,28,10.93,355,15.61,318,18.93,219,37.61,145,31.98,87,10.3,308,10.67,180,9.4,117,30.62,50,20.14,286,16.69,272,18.91,93,13.6,204
2022,UC Santa Barbara,77.86,56,0.84,80,2.07,8,-0.7,266,0.68,106,1.64,47,1.46,28,2.04,144,30.1,193,20.16,165,24.74,32,17.51,253,20.57,163,17.02,281,30.56,269,43.66,5,17.36,164,4.48,353,3.94,340,22.49,282,28.46,41,19.69,162,12.94,314,16.43,90
2022,UCF,77.38,105,1.09,65,0.11,162,0.07,170,0.15,156,0.68,119,0.6,90,1.98,164,32.97,133,17.52,247,19.12,200,20.77,127,24.02,53,18.51,230,37.84,138,24.97,202,17.48,157,10.07,203,9.56,112,24.93,196,22.04,227,20.04,149,13.06,311,19.87,16
2022,UCLA,77.97,49,0.34,132,0.44,107,2.07,11,2.63,7,-0.4,223,0.39,119,2.2,97,34.09,108,13.92,332,22.4,84,24.39,32,20.97,149,18.31,239,38.7,122,15.37,339,20.56,96,19.51,26,5.86,270,23.47,250,21.78,239,22.43,69,20.81,42,11.51,307
2022,UMBC,74.97,356,-1.05,286,-0.21,211,-0.73,268,-0.19,203,-7.77,358,-0.63,258,2.66,17,30.02,198,24.07,63,18.73,228,19.28,176,18.61,236,19.3,200,48.85,22,20.41,281,13.21,259,9.67,218,7.82,174,34.44,14,22.53,203,20.81,115,12.4,328,9.79,345
2022,UMKC,75.79,332,-1.54,330,-1.8,349,-0.51,243,0.38,135,-2.36,334,-1.67,351,2.04,143,36.34,65,17.97,235,19.24,196,13.76,339,21.62,125,27.38,24,24.77,324,16.82,328,16.94,177,33.07,1,8.36,151,22.1,296,25.86,100,18.41,204,27.02,1,6.58,358
2022,UMass Lowell,76.22,288,-2.16,350,0.2,134,0.28,129,-0.61,256,-1.36,295,-0.98,302,2.05,141,30.53,180,18.63,218,23.2,62,18.84,202,16.1,307,23.18,91,34.29,210,26.29,178,11.41,290,16.03,69,11.89,64,31.14,46,19.91,292,20.51,131,16.47,181,11.89,292
2022,UNC Asheville,77.61,82,0.5,116,0.6,90,0.07,151,1.75,23,0.36,154,0.55,98,2.38,61,27.24,259,25.63,32,18.4,237,22.53,72,19.4,201,14.02,334,30.71,266,15.69,336,22.69,67,24.98,10,5.9,267,26.32,147,15.77,345,18.82,190,22.14,24,16.92,74
2022,UNC Greensboro,76.09,306,0.42,122,-1.46,334,-0.93,290,-1.95,343,-0.42,227,-0.52,237,2.5,31,34.5,100,22.23,104,18.13,250,23.79,45,19.45,200,16.41,294,44.06,51,23.77,224,18.74,132,8,278,5.43,289,26.02,155,23.24,179,24.87,23,13.05,313,12.83,243
2022,UNC Wilmington,76.94,173,-1.64,337,-0.8,272,0.35,125,0.47,123,1.57,51,-1.22,324,2.31,72,24.25,304,13.91,333,21.27,120,22.46,74,21.01,144,21.34,141,36.38,166,29.11,142,7.87,338,9.78,213,16.86,12,19.26,343,22.83,195,21.54,90,18.98,92,17.39,55
2022,UNLV,76.42,258,0.07,160,-1.34,326,-0.93,290,-0.26,209,-0.23,203,-0.63,260,2.43,43,35.54,72,16.58,281,21.71,105,29.39,1,19.3,203,13.03,347,48.22,25,19.55,296,16.52,185,9.85,212,5.86,271,38.7,3,13.52,357,20.05,148,16.61,177,11.12,324
2022,USC,79.12,4,1.12,58,2.29,4,4.07,1,2.1,14,1.23,87,1.71,19,1.81,201,29.7,209,20.76,146,22.22,88,21.76,95,17.79,266,17.44,270,28.66,291,27.5,162,21.18,84,14.83,91,7.77,176,25.92,160,20.93,270,23.31,52,16.32,191,13.49,212
2022,USC Upstate,76.2,294,-1.16,294,-0.45,240,0.18,139,0.35,139,-2.72,344,-0.81,278,1.82,198,30.01,199,18.17,230,22.5,81,19.67,163,22.49,98,17.1,277,37.87,135,24.86,205,24.28,43,6.48,317,6.4,243,23.66,239,23.07,187,20.92,111,18.71,96,13.56,209
2022,UT Arlington,76.51,242,0.27,139,-0.26,216,-0.58,252,0.05,163,-1.72,315,0.01,166,1.81,203,38.06,40,16.91,274,20.79,141,22.38,75,28.38,6,11.46,355,38.25,129,15.35,340,17.89,148,12.88,129,15.56,18,25.83,165,17.83,326,19.94,151,19.3,75,17.03,69
2022,UT Rio Grande Valley,76.46,250,-0.66,241,-0.44,239,0.65,91,-1.01,294,-1.02,272,-0.55,248,1.95,170,30.05,196,18.6,219,22.37,85,24.45,31,12.95,351,21.58,136,46.9,32,16.92,325,19.1,123,10.48,188,6.52,235,26.44,143,23.5,167,28.64,8,11.97,334,9.38,351
2022,UTEP,77.47,93,-0.39,214,-0.05,189,0.07,151,0.97,72,1.98,28,-0.22,200,1.54,268,32.22,145,13.46,345,14.79,330,23.82,44,20.76,156,27.12,26,37.3,150,25.06,199,14.78,219,9.34,227,13.44,37,23.43,252,24.53,137,18.16,214,15.2,239,18.59,30
2022,UTSA,77.66,74,1.1,63,0.06,173,0.59,99,-0.07,175,1.85,35,0.58,93,1.76,214,42.24,9,27.3,16,15.51,322,22.05,87,15.24,326,19.84,183,35.39,189,29.64,128,23.26,58,7.38,294,4.25,332,28.1,100,19.97,290,24.18,33,14.3,275,13.37,216
2022,Utah,78.37,23,1.77,27,0.88,66,0.96,69,1.63,31,1.83,38,1.32,38,2,156,37.73,43,24.96,41,16.52,304,21.26,112,16.94,293,20.32,174,35.99,173,20.32,282,7.55,342,32.67,2,3.47,346,29.32,74,15.21,349,13.15,350,22.98,17,19.34,23
2022,Utah State,77.42,98,1.14,54,0.66,82,0.94,72,-0.05,172,-0.35,217,0.9,67,2.25,87,28.85,228,23.06,83,21.96,96,22.07,86,17.62,273,15.24,318,33.6,222,24.9,204,26.16,22,9.96,209,5.31,295,27.1,121,21.4,254,24.53,27,13.33,304,13.58,206
2022,Utah Valley,77.96,50,1.6,29,2.07,9,1.06,61,0.84,76,-0.52,236,1.83,13,1.34,303,29.42,217,28.92,7,16.16,310,19.01,196,21.35,131,14.56,327,35.54,183,39.83,16,9.95,317,8.6,253,6.08,257,41.3,1,18.2,321,16,295,13.54,297,10.96,330
2022,VCU,77.28,123,-0.37,213,0.03,181,0.07,172,0.84,76,1.05,93,-0.17,193,1.66,235,33.92,112,19.26,190,19.03,207,19.91,155,20.75,159,20.99,157,47.05,31,21.04,272,13,262,9.45,223,9.36,119,28.93,82,21.77,240,18.44,202,14.4,268,16.37,91
2022,VMI,75.34,351,1.13,57,-1.34,327,-2.64,355,-2.82,356,-2.42,338,-0.11,182,1.53,274,20.63,344,27.27,17,13.16,353,18.02,232,23.41,66,18.09,247,32.57,244,25.82,186,20.34,98,15.96,71,5.25,299,32.48,28,21.48,251,16.31,288,17.96,124,11.71,300
2022,Valparaiso,76.84,186,-0.48,222,-0.56,247,-0.63,258,0.25,148,0.87,107,-0.52,238,2.11,124,33.42,123,26.14,27,20.34,155,24.95,24,20.09,187,8.45,358,40.36,102,16.8,329,25.76,27,9.06,236,7.99,168,23.59,244,16.02,344,18.55,198,24.16,11,17.65,50
2022,Vanderbilt,77.34,110,0.8,88,-0.13,199,0.89,80,0.4,130,-0.01,185,0.33,124,1.67,232,34.1,107,13.71,340,17.72,262,20.96,123,24.63,37,22.94,97,39.15,115,22.62,247,21.43,82,11.25,167,5.5,286,22.89,273,20.24,283,27.01,12,17.18,156,12.63,256
2022,Vermont,76.35,272,-1.64,338,-1.13,311,-0.58,253,-0.29,215,0.6,122,-1.39,339,2.8,4,33.31,126,27.06,18,12.89,355,13.71,342,17.79,267,28.49,17,30.6,267,20.29,284,17.29,168,18.47,37,13.29,40,25.72,170,23.87,159,17.79,231,15.84,210,16.71,80
2022,Villanova,77.35,109,-1.53,328,0.2,134,0.03,176,0.84,76,2.42,15,-0.66,265,2.4,54,22.93,318,19.74,177,17.6,266,14.33,330,22.92,82,25.35,45,50.23,13,20.92,276,11.16,297,10.52,185,7.07,214,23.69,238,19.89,294,17.04,257,21.19,33,18.13,42
2022,Virginia,76.98,168,2.75,13,0.06,175,-0.3,218,-0.01,167,-2.4,335,1.41,32,2.1,127,19.3,351,18.82,209,23.11,64,24.25,35,15.81,315,17.96,254,44.23,50,27.43,165,16.45,190,6.19,325,5.62,279,31.67,39,19.77,296,17,260,17.24,150,14.25,172
2022,Virginia Tech,76.77,201,-0.16,177,0.29,125,-0.59,255,-0.06,174,-0.42,226,0.06,157,2.16,108,22.03,333,24.21,57,20.88,135,19.06,190,17.28,281,18.56,229,39.15,116,42.19,7,6.76,349,5.58,342,6.29,248,25.51,176,28.33,42,15.3,315,19.33,74,11.51,306
2022,Wagner,76.79,193,-1.58,334,-0.41,235,0.28,128,1.3,49,-0.4,224,-1,304,2.13,118,33.08,132,22.04,112,23.2,60,22.9,65,19.12,215,12.68,350,35.29,191,19.93,288,20.63,95,11.46,158,12.61,50,25.98,158,26.49,83,21.55,89,15.3,233,10.63,337
2022,Wake Forest,78.57,13,2.13,21,1.47,31,2.17,9,1.51,40,0.83,110,1.8,14,2.41,50,25.3,294,17.17,267,18.37,239,23.27,58,24.22,46,16.97,285,24.07,334,19.3,298,29.94,8,22.67,17,4.02,339,24.95,195,17.17,334,20.82,114,23.63,13,13.44,213
2022,Washington,77.94,52,0.97,74,0.2,134,1.13,47,0.34,140,2.28,19,0.59,92,2.55,23,28.05,241,13.67,341,18.82,220,18.38,219,16.44,300,32.63,2,49.86,16,15.27,341,14.57,224,6.19,324,14.04,32,32.4,31,17.55,329,19.22,177,14.94,251,15.83,107
2022,Washington State,77.3,118,1.38,38,1.59,27,0.39,119,-0.44,228,-1.18,285,1.49,27,1.6,248,34.14,105,19.82,174,17.52,269,17.85,243,22.41,99,22.39,113,33.88,216,29.66,127,21.99,77,9.28,229,5.2,300,26.46,141,25.86,99,19.14,179,15.04,245,13.5,211
2022,Weber State,77.73,66,-0.08,175,-0.71,262,1.07,48,1.23,53,2.38,17,-0.4,223,1.66,236,21.78,335,16.41,286,18.49,233,19.97,153,25.92,24,19.22,203,33.24,228,12.54,349,27.92,15,17.83,46,8.46,147,17.56,352,15.13,351,35.45,1,21.56,30,10.31,341
2022,West Virginia,76.98,169,-0.15,176,0.2,134,-0.89,285,-0.16,185,1.11,91,0.02,163,2.29,81,34.2,104,14.42,327,17.21,283,26.74,9,17.03,288,24.58,61,39.04,118,38.15,23,7.07,346,7.51,291,8.17,159,28.58,87,25.96,95,15.08,322,14.78,257,15.54,120
2022,Western Carolina,77,163,-0.87,266,-0.8,272,0.15,148,0.46,124,1.26,86,-0.83,282,2.08,132,32.17,147,17.58,244,22.1,93,23.87,42,17.16,284,19.27,201,17.75,356,19.2,301,35.53,2,16.12,68,11.37,73,15.57,358,24.87,124,25,22,15.73,216,18.82,27
2022,Western Illinois,77.77,65,0.84,80,1.42,34,1.34,39,-0.81,271,1.28,70,1.13,52,2.32,70,21.36,339,21.83,117,18.31,241,17.27,263,18.43,247,24.17,71,29.74,283,21.99,262,30.35,5,10.3,194,7.62,184,24.14,223,19.53,304,14.34,335,17.02,161,24.97,2
2022,Western Kentucky,78.37,22,5.56,1,0.37,114,0.38,121,0.37,136,0.41,151,2.96,2,2.42,49,20.28,345,16.36,288,21.18,125,16.72,282,21.27,136,24.43,65,43.16,58,18.3,309,12.45,272,4.89,350,21.14,4,28.14,98,21.63,246,16.59,275,16.06,202,17.52,52
2022,Western Michigan,75.97,316,-0.42,218,0.35,115,-1.78,339,-1.65,328,-1.44,303,-0.03,170,1.5,277,38.65,34,17.78,242,17.54,268,12.6,350,26.93,12,25.14,52,30.15,275,48.38,2,6.1,353,10.92,176,4.41,328,24.15,221,31.97,11,10.09,357,17.22,154,16.55,85
2022,Wichita State,77,162,-0.18,190,-0.14,201,0.39,120,-0.73,263,0.87,105,-0.16,190,1.32,311,31.99,150,23.24,79,17.17,285,19.35,172,18.45,246,21.76,130,37.99,131,23.63,231,18.79,129,11.32,163,8.24,158,21.99,300,23.33,177,21.21,101,19.41,72,14.05,187
2022,William & Mary,77.31,115,0.19,148,0.04,179,0.61,98,0.67,108,0.28,159,0.12,152,1,344,30.1,194,24.45,52,21.86,100,15.87,304,19.94,190,17.82,258,45.34,41,23.53,235,18.16,143,10.5,186,2.4,356,19.75,338,25.58,106,17.4,242,21.64,27,15.58,117
2022,Winthrop,75.99,314,-1.12,292,0.2,134,-0.74,273,-0.85,275,-2.33,332,-0.46,231,2.2,99,37.6,46,31.23,2,15.97,316,16.16,294,16,309,20.6,170,42.34,70,24.22,215,16.05,196,8.56,254,8.8,137,26.55,139,22.15,220,17.96,218,14.96,250,18.35,35
2022,Wisconsin,78.34,26,2.7,14,2.03,10,0.03,174,0.84,76,1.31,66,2.37,6,1.46,281,23.23,315,17.37,256,17.9,259,28.02,3,21.64,124,15.04,322,40.59,98,27.76,154,19.99,100,7.78,285,3.76,345,19.92,334,22.21,219,29.6,5,17.64,141,10.57,338
2022,Wofford,76.7,211,-0.83,263,0.05,177,-0.74,272,-0.16,185,0.42,148,-0.39,222,1.41,296,25.97,286,29.87,3,18.76,226,13.4,345,23.88,57,14.04,333,50.11,14,27.48,163,13.62,248,6.77,310,1.93,357,23.23,257,25.84,101,16.77,268,15.31,232,18.8,28
2022,Wright State,76.99,166,-0.16,177,-0.16,205,1.07,48,0.12,158,-0.72,253,-0.16,191,1.56,262,17.33,356,26.93,19,20.72,142,22.86,66,9.84,358,19.58,191,37.03,153,23.01,244,22.83,66,9.35,225,7.68,180,27.98,102,20.95,268,21.96,79,15.76,214,13.28,222
2022,Wyoming,78.72,9,0.12,152,1,61,2.07,11,2.36,13,3.28,2,0.56,97,1.82,196,21.15,340,28.11,13,16.55,302,22.91,64,18.17,256,14.2,331,40.46,100,26.94,169,16.99,173,11.45,159,4.09,338,28.58,88,18.91,312,17.96,217,20.15,55,14.33,170
2022,Xavier,78.42,19,2.09,22,1.1,55,0.64,93,1.22,55,2.28,18,1.59,23,2.1,128,30.5,182,23.85,68,17.4,274,19.24,180,21.01,145,18.47,231,34.95,199,28.56,146,24.77,39,5.67,338,5.99,262,28.13,99,22.37,211,21.2,103,15.56,223,12.69,253
2022,Yale,76.46,249,-1.69,342,-1.76,347,-0.02,184,0.6,113,0.41,150,-1.72,352,1.97,166,33.94,111,17.53,246,18.3,242,20.79,126,13.5,350,29.84,7,45.61,39,18.07,313,18.47,138,11.89,154,5.87,269,22.14,290,22.59,198,16.21,290,21.79,26,17.21,59
2022,Youngstown State,75.84,329,-1.16,294,-1.14,312,-0.81,280,-0.86,276,-1.62,310,-1.15,320,1.9,176,30.32,187,22.11,108,14.86,329,21.66,99,24.38,42,16.99,282,41.41,84,15.62,337,19.75,107,14.17,105,8.99,133,26.63,136,19.74,297,18.73,192,19.16,81,15.71,110