Season,TeamName,FG2Pct,RankFG2Pct,FG3Pct,RankFG3Pct,FTPct,RankFTPct,BlockPct,RankBlockPct,OppFG2Pct,RankOppFG2Pct,OppFG3Pct,RankOppFG3Pct,OppFTPct,RankOppFTPct,OppBlockPct,RankOppBlockPct,FG3Rate,RankFG3Rate,OppFG3Rate,RankOppFG3Rate,ARate,RankARate,OppARate,RankOppARate,StlRate,RankStlRate,OppStlRate,RankOppStlRate,DFP,NSTRate,RankNSTRate,OppNSTRate,RankOppNSTRate
2022,Abilene Christian,48.25688073,233,31.39158576,283,74.27701674,90,5.753739931,326,51.09321059,232,34.32574431,226,72.15909091,201,10.4587156,293,36.18266979,213,39.65277778,244,56.66666667,48,51.25,191,0.1448556523,2,0.07171071896,10,NULL,10.37415068,295,14.10310806,1
2022,Air Force,51.60098522,107,33.28,199,64.93506494,347,9.128630705,157,53.83817427,323,31.18503119,54,75.97864769,345,11.94581281,339,43.493389,46,33.28719723,47,57.73524721,37,47.23467862,84,0.08589699157,242,0.08480968788,86,NULL,12.9932791,354,11.68851468,10
2022,Akron,52.39616613,74,35.56547619,74,69.19504644,271,8.802177858,170,47.73139746,95,34.84087102,250,70.1793722,94,7.241746539,52,41.7132216,93,35.13831666,94,48.97400821,229,40.32697548,9,0.08558411156,243,0.08357036776,76,NULL,9.464595867,215,9.061847107,177
2022,Alabama,56.26794258,8,30.8411215,305,72.99703264,134,11.93675889,48,49.24901186,159,33.14527504,149,71.1815562,150,11.48325359,333,47.95816733,12,35.91691996,119,52.88135593,128,46.15384615,64,0.09514101257,148,0.1053346925,295,NULL,9.259259259,191,8.197417601,271
2022,Alabama A&M,41.46153846,358,27.08333333,356,71.25645439,187,8.767123288,172,45.20547945,20,32.04022989,85,68.42105263,41,6.615384615,20,24.94226328,356,38.86097152,225,43.44512195,325,56.40668524,315,0.1008004032,109,0.1084804339,319,NULL,8.736034944,145,9.504038016,128
2022,Alabama State,46.84210526,290,32.9787234,216,70.54140127,212,9.47741364,141,50.75287865,221,33.23485968,156,72.99509002,254,10.26315789,285,33.09859155,287,37.48615725,179,49.16666667,219,53.88471178,251,0.1030754319,94,0.1063255582,303,NULL,10.95756844,336,9.193214201,160
2022,Albany (NY),45.16129032,333,32.3268206,243,70.41284404,217,7.53968254,238,49.10714286,153,35.5450237,283,72.22222222,206,11.46010187,332,32.33773693,300,38.57404022,217,40.89635854,347,53.88888889,252,0.1020246275,101,0.07956944631,45,NULL,10.73943447,327,10.4465408,44
2022,Alcorn State,45.12455516,335,31.66089965,277,69.20684292,270,7.55957272,237,50.28759244,205,34.31952663,225,71.61383285,174,9.964412811,266,29.14775593,343,35.71051241,111,43.08445532,329,55.8056872,305,0.1071562819,74,0.09953251484,256,NULL,10.41914836,300,8.428498065,246
2022,American,49.6,185,33.05954825,211,69.36936937,261,8.305084746,194,53.89830508,325,34.69055375,244,69.17148362,57,8.24,114,28.03684514,349,34.22519509,71,49.93597951,196,50.64782097,173,0.09878468837,121,0.1025659205,275,NULL,10.02026504,269,7.515198781,323
2022,Appalachian State,46.89378758,286,33.50854139,185,66.59793814,331,6.113138686,312,50,185,33.02469136,143,75.66137566,333,9.819639279,251,43.26321774,52,37.1559633,168,51.72890733,153,55.77427822,303,0.08308759435,264,0.08209845633,63,NULL,7.814190421,57,9.54518197,123
2022,Arizona,57.49440716,5,35.38873995,77,73.80627558,103,13.42560554,26,41.93771626,3,32.67716535,122,66.99801193,13,7.084265474,41,35.74508864,229,34.52650657,76,65.41062802,2,46.78362573,78,0.09160121331,185,0.09280649244,169,NULL,8.718185653,140,8.517305799,235
2022,Arizona State,47.70408163,255,30.70301291,309,66.08040201,334,12.35849057,43,46.13207547,38,31.07191316,47,72.11703959,198,8.24829932,117,37.21302723,190,41.01279911,277,53.41935484,108,57.3816156,328,0.09672840696,138,0.08878452813,122,NULL,8.411165823,111,9.906484191,86
2022,Arkansas,50.87452471,130,30.65693431,313,75.3298153,58,11.89655172,51,46.37931034,47,32.7978581,128,73.21428571,262,8.745247148,160,34.25,259,39.17147352,233,52.90102389,127,54.40613027,270,0.1064795966,77,0.09478771935,197,NULL,7.892017162,63,9.97985239,79
2022,Arkansas-Pine Bluff,47.96238245,246,29.80030722,331,70.92592593,197,6.202849958,307,56.07711651,354,36.01609658,300,72.7739726,242,10.65830721,304,40.48507463,108,29.40828402,5,48.69831547,234,53.77358491,248,0.09868175135,122,0.1111415684,332,NULL,8.622193426,131,8.871389768,207
2022,Arkansas State,50,162,31.86813187,269,74.49799197,85,7.821782178,219,48.81188119,144,33.26732673,158,70.42253521,105,8.888888889,175,31.48788927,311,33.33333333,48,60.46875,15,47.80635401,97,0.1072549946,73,0.1055878185,298,NULL,10.05862903,275,8.502598016,238
2022,Army,49.32371506,197,31.9112628,266,63.97058824,351,5,343,51.56862745,250,36.36363636,315,68.52791878,44,10.73038774,306,34.57227139,253,40.83526682,274,47.13896458,270,54.60358056,278,0.1106295761,50,0.1081601659,317,NULL,8.099665395,84,8.297218209,255
2022,Auburn,51.88216039,91,32.05918619,259,73.2503888,121,21.03075644,1,42.560266,4,31.24087591,59,72.90715373,250,10.14729951,274,39.89178554,121,36.28177966,128,52.12527964,148,48.76033058,123,0.1210293959,24,0.1025088834,274,NULL,6.460643911,11,8.614191881,225
2022,Austin Peay,46.86390533,288,30.81481481,306,70.33248082,221,5.856353591,323,54.14364641,328,33.20825516,153,69.17148362,57,11.24260355,324,44.40789474,39,37.06536857,164,59.10596026,23,53.52323838,243,0.0933268523,166,0.1083258107,318,NULL,10.49927088,306,11.61030484,13
2022,BYU,50.83848191,132,34.60949464,111,73.05389222,130,8.676207513,176,48.92665474,148,30.52147239,35,68.0890538,33,8.208296558,108,36.56215006,205,36.83615819,152,50.87281796,169,48.79356568,125,0.06924546323,332,0.08787010506,118,NULL,9.837631328,258,8.309455587,253
2022,Ball State,49.75222993,178,35.73446328,67,69.61832061,246,6.969990319,272,50.82284608,225,36.29343629,314,71.8381113,183,8.721506442,158,41.23471171,99,42.9281768,328,51.52317881,157,50.30978934,158,0.08337579323,259,0.1042197415,287,NULL,9.12501737,182,8.847098059,210
2022,Baylor,53.50370981,46,34.55782313,114,69.78417266,238,9.561403509,136,49.47368421,164,29.93730408,21,70.08368201,91,7.337180544,54,37.73100616,173,35.88301462,117,56.1461794,55,55.49668874,299,0.1280901173,11,0.09356937647,183,NULL,8.811873318,149,10.08369009,68
2022,Bellarmine,54.83870968,25,34.17910448,143,74.78753541,72,4.933814681,345,56.07701564,353,35,258,70.46413502,109,7.419354839,61,41.875,87,47.10375557,353,52.36806495,141,52.55172414,224,0.08186888779,272,0.07970017553,47,NULL,6.994097036,26,9.488116135,131
2022,Belmont,60.69094304,2,32.76492083,226,73.67346939,107,11.28747795,67,48.67724868,137,33.73173971,186,70.42889391,106,10.45751634,292,43.39323467,49,39.90461049,249,61.80631121,10,52.48138958,221,0.1277395532,13,0.09403050447,187,NULL,7.407119928,38,8.116784112,278
2022,Bethune-Cookman,43.69885434,347,33.65155131,178,68.07610994,295,6.906906907,276,52.75275275,291,32.87671233,132,73.84341637,288,11.12929624,321,25.53321146,355,36.89197726,156,45.03703704,299,54.5201669,275,0.1155032597,40,0.1022738114,273,NULL,9.56590873,224,8.802671331,217
2022,Binghamton,47.02380952,279,34.70483005,106,66.75824176,325,9.847715736,118,49.64467005,169,33.61921098,174,68.00847458,27,9.226190476,212,35.67326101,230,37.18112245,170,44.01197605,314,42.48175182,26,0.08008557088,279,0.1009297606,266,NULL,8.721647788,141,7.898850827,298
2022,Boise State,51.08892922,123,34.14985591,146,65.03164557,346,9.768637532,125,47.98628963,110,32.4137931,109,72.06208426,195,8.89292196,177,38.64142539,153,33.19977104,44,46.75,277,43.31550802,29,0.08959859598,211,0.07989977889,49,NULL,10.53014427,309,11.13054723,23
2022,Boston College,48.51794072,227,30.94462541,301,70.40998217,218,8.629893238,179,49.73309609,170,36.44716692,319,74.28571429,303,10.14040562,272,32.38396624,298,36.74732696,147,50.36945813,186,50.56461731,170,0.1085153797,63,0.1012202281,268,NULL,7.796693245,55,7.842287942,302
2022,Boston University,52.05357143,84,35.25073746,83,74.03846154,99,6.098579783,315,50.7101086,219,33.21678322,154,73.78640777,285,10.625,302,37.70856507,175,32.33465235,31,40.99756691,344,46.17314931,66,0.08519449786,246,0.103180003,282,NULL,8.04614702,75,8.235468126,260
2022,Bowling Green State,48.0475382,241,33.09143687,210,74.16107383,97,9.446564885,144,53.14885496,303,35.95933926,298,74.69026549,313,6.62139219,21,36.90412426,197,42.88828338,326,43.45088161,324,50.47619048,166,0.09648670119,141,0.08396198517,78,NULL,8.071483657,78,7.653993123,309
2022,Bradley,51.09837631,122,34.01459854,159,68.49894292,283,12.83524904,34,46.07279693,36,32.18210361,91,74.40944882,306,6.399235912,12,39.54965358,128,37.89411065,187,52.21354167,146,44.02332362,38,0.09124412095,189,0.107432594,314,NULL,9.173468074,186,9.075356116,176
2022,Brown,50.63424947,137,31.67495854,275,69.52965235,251,11.37088204,65,51.32837407,244,33.9070568,199,69.7029703,78,7.399577167,60,38.92834087,145,38.17345598,201,46.56716418,281,46.61764706,74,0.09163618826,184,0.09270795654,166,NULL,9.806679796,256,10.28897552,58
2022,Bryant,52.63157895,65,30.66502463,311,73.35526316,117,9.589041096,134,46.95585997,65,32.12669683,89,68.04979253,30,12.72727273,349,43.7264405,44,33.53566009,50,50.56320401,177,54.09638554,260,0.08704117277,233,0.1007845158,264,NULL,9.024795281,174,7.742083262,305
2022,Bucknell,50.58191585,140,37.59286776,20,76.52859961,29,7.949125596,213,52.38473768,279,37.30769231,333,74.94646681,318,8.236347359,113,37.59776536,179,38.27281649,206,57.45721271,41,52.21052632,209,0.06629859004,342,0.1213980939,354,NULL,7.167415139,30,7.122618794,344
2022,Buffalo,51.62423178,104,34.37037037,128,71.55172414,180,9.715242881,128,48.32495812,125,31.85840708,80,70.98646035,141,8.516242318,137,37.21058434,191,32.12052302,27,50.12195122,191,42.40422721,25,0.09408327608,160,0.08715082416,107,NULL,9.853985231,260,6.437276784,356
2022,Butler,48.88888889,212,29.71830986,333,68.87159533,277,6.173994387,310,51.91768007,266,31.107739,49,72.03065134,192,13.93939394,355,41.76470588,91,38.13657407,199,47.3381295,264,49.47368421,140,0.07758218556,296,0.08642066239,99,NULL,9.575016572,226,9.329503327,144
2022,California Baptist,50.42462845,151,33.38048091,193,67.7471637,302,6.76369863,281,47.7739726,98,32.52173913,117,68.6746988,46,6.581740977,19,42.87446938,59,32.98909925,38,63.85372714,4,51.40939597,193,0.0726651508,314,0.08998929272,137,NULL,11.45318271,346,10.05762683,73
2022,Cal Poly,47.18468468,273,29.50819672,342,73.14629259,125,6.709265176,284,44.51544196,14,36.24535316,310,75.55147059,331,7.77027027,76,35.46511628,236,36.42518619,135,50.79928952,171,50.24469821,155,0.06798850938,337,0.09439726922,192,NULL,13.14819107,355,10.22637083,61
2022,Cal State Bakersfield,44.93554328,336,28.26086957,353,71.3253012,185,6.993006993,270,50.48951049,210,35.21126761,268,75.08591065,321,5.432780847,2,22.86931818,357,41.00660066,276,39.72366149,353,52.42537313,220,0.08605279246,240,0.08729096214,110,NULL,9.286272568,196,11.51497798,14
2022,Cal State Fullerton,48.74100719,217,33.54297694,182,76.4084507,31,5.500982318,338,48.03536346,111,37.11340206,330,69.0647482,52,8.273381295,122,30.0188798,337,36.375,133,44.72934473,301,54.18439716,264,0.1036840229,91,0.0881314195,120,NULL,9.279720053,194,9.849982179,92
2022,Cal State Northridge,44.01826484,343,30.15184382,325,68.47826087,285,7.01381509,268,53.13496281,302,33.2173913,155,75.94936709,344,6.849315068,32,29.62724936,342,37.92875989,190,39.45249597,354,57.30824891,325,0.108161458,65,0.07895786435,42,NULL,10.65390361,320,9.085562473,174
2022,California,47.27420667,269,30.75571178,307,72.74725275,145,7.272727273,252,48.05194805,112,30.92948718,40,75.89285714,340,8.706265256,155,31.64627364,308,35.07588533,92,45.23809524,297,42.2459893,23,0.07400113389,312,0.08880136067,124,NULL,8.259481395,97,7.256885388,336
2022,Campbell,52.42494226,73,32.95454545,218,67.30245232,314,6.504065041,292,49.12891986,155,35.29411765,275,65.01305483,5,9.35334873,221,37.87661406,170,37.96829971,192,55.73248408,64,46.30541872,71,0.09178051174,182,0.09479960752,199,NULL,6.88353838,19,9.117669258,171
2022,Canisius,45.51056338,322,30.21978022,323,69.62699822,244,6.573541495,290,53.73870173,321,31.1942959,55,72.42582897,223,12.14788732,341,39.05579399,142,31.55230596,23,53.32428765,111,49.57780458,143,0.08178163841,273,0.07577507739,27,NULL,9.333271728,201,9.61049762,113
2022,Central Arkansas,50.25553663,158,29.5133438,341,75.4176611,56,7.514944492,239,55.84970111,350,35.27653214,274,72.26277372,212,8.688245315,153,35.17393705,241,36.35869565,131,50.77120823,172,52.69662921,226,0.08637838663,237,0.1051562968,294,NULL,8.309225235,100,7.745887931,304
2022,Central Connecticut State,42.64292409,354,34.15697674,144,70.84148728,202,6.306306306,301,53.33333333,308,34.8189415,249,70.96774194,139,11.24648547,325,39.2022792,136,39.27789934,234,49.27536232,214,52.73159145,228,0.0928160819,171,0.1054092186,296,NULL,10.02786815,271,9.561455673,119
2022,Central Michigan,45.47244094,324,34.11764706,149,69.24564797,266,8.992094862,159,53.65612648,318,34.81182796,248,70.34700315,102,9.842519685,253,40.09433962,116,42.3690205,311,49.71181556,205,54.36408978,268,0.09069583728,198,0.09214311128,156,NULL,10.42037279,301,7.525824795,321
2022,College of Charleston,50,162,33.94255875,166,73.02100162,131,7.207207207,258,51.26945127,239,34.13533835,210,72.25352113,210,12.67716535,348,37.62278978,178,35.25980912,98,47.15083799,269,47.12778429,81,0.1064434832,78,0.1072783341,311,NULL,10.14343781,281,8.473736114,242
2022,Charleston Southern,47.07233065,275,30.01364256,327,67.69230769,303,6.995073892,269,55.96059113,351,36.07907743,302,75.92592593,341,9.758897819,246,45.69825436,26,37.42293465,177,48.25396825,246,54.1296061,261,0.09019165727,204,0.1105739527,328,NULL,10.39497067,298,8.356741126,250
2022,Charlotte,53.56793744,43,34.51851852,119,79.15789474,7,8.035714286,206,51.69642857,259,36.20689655,308,76.77419355,350,9.188660802,206,39.75265018,125,36.29124005,129,55.44174136,68,46.66666667,76,0.07214622927,319,0.0842513013,82,NULL,8.812492434,150,9.732477908,102
2022,Chattanooga,53.86666667,41,34.06593407,153,76.6,28,6.503298775,293,52.1206409,272,30.55555556,36,69.60985626,72,9.955555556,263,39.28764166,132,40.42672656,267,46.60421546,279,44.6313066,48,0.1070120093,75,0.0871248217,106,NULL,8.28632815,99,7.339319219,331
2022,Chicago State,45.29236868,328,31.03448276,297,65.52380952,341,6.40569395,295,50.08896797,194,40.12638231,358,72.67355982,237,10.90188305,310,43.69419643,45,36.02731929,121,43.71428571,321,56.54834761,316,0.08145312373,274,0.09588196279,218,NULL,12.47396409,352,10.51908912,40
2022,Cincinnati,46.67847653,296,31.43203883,281,67.18480138,319,9.523809524,140,44.18423107,12,31.15044248,50,72.05651491,194,9.5659876,239,42.19150026,80,30.60671723,17,52.92620865,126,52.15633423,207,0.09073086217,197,0.0829799845,69,NULL,6.930196508,22,8.845119227,212
2022,Clemson,51.20481928,117,36.26062323,51,73.56115108,111,7.216494845,257,49.39081537,161,33.37547408,161,76.34011091,349,10.49913941,295,37.79443255,172,42.57265877,317,55.22914219,75,50.56890013,171,0.08758316733,229,0.08035981332,52,NULL,8.35200307,103,8.17141922,274
2022,Cleveland State,55.3442029,19,32.55813953,234,67.33333333,313,10.1910828,96,50,185,32.34463277,105,76.28318584,348,9.963768116,265,33.61395069,277,42.90909091,327,60.4035309,16,54.57142857,277,0.1200676611,27,0.1107181301,329,NULL,8.562202061,124,9.890819622,88
2022,Coastal Carolina,47.58241758,260,35.72854291,68,69.49891068,252,10.0621118,103,47.95031056,108,29.33526012,14,71.75572519,182,7.912087912,87,35.50673281,234,46.2257849,349,49.34640523,212,55.51782683,300,0.09402802987,161,0.1124765674,338,NULL,9.283780165,195,7.617460648,314
2022,Colgate,52.7124774,63,40.1242236,2,69.27592955,264,9.345047923,150,48.1629393,118,33.66619116,178,67.08860759,14,8.679927667,152,42.12454212,82,35.89349718,118,62.03090508,7,53.6352801,246,0.09139799928,187,0.09585643826,217,NULL,7.311839942,36,7.044333603,345
2022,Colorado,48.04560261,242,36.61290323,41,75.625,52,8.656224237,178,47.23825227,76,33.05084746,148,72.44701349,225,9.771986971,247,33.54978355,278,36.85580427,153,53.97796818,88,45.47707559,53,0.0795862395,283,0.1011316855,267,NULL,9.585524978,228,9.585524978,115
2022,Colorado State,56.25646329,10,35.70274637,71,77.38589212,19,9.944751381,107,50.49723757,211,32.68698061,124,70.93596059,136,8.583247156,144,39.02900378,144,44.37615243,337,53.46405229,106,50.36075036,163,0.0931127757,170,0.08270911361,66,NULL,6.918435289,21,9.051186017,178
2022,Columbia,46.37526652,305,34.90566038,96,62.66318538,355,5.505617978,337,53.37078652,312,37.8214826,341,73.58974359,281,8.315565032,129,36.10354223,216,42.61766602,319,47.41935484,263,52.4137931,218,0.08332922787,260,0.1188004532,351,NULL,9.571600498,225,8.107708657,279
2022,Connecticut,47.83950617,249,35.3115727,79,74.95854063,67,16.73370877,5,42.7996782,5,34.5,234,68.02721088,28,8.25617284,118,34.21319797,262,32.55561584,33,52.21445221,145,44.24898512,41,0.08724000708,232,0.09317780861,176,NULL,8.038869762,74,9.226430068,155
2022,Coppin State,47.57281553,261,29.65367965,338,68.4375,287,8.142493639,201,46.73452078,57,35.20286396,267,71.07583774,146,9.816612729,250,49.91896272,4,41.54685176,296,49.37062937,211,53.6643026,247,0.1089452265,58,0.09247676205,160,NULL,10.21889334,286,9.416583533,136
2022,Cornell,55.57029178,17,34.09436834,151,70.32967033,222,7.593457944,232,52.92056075,298,32.32,101,68.46652268,43,9.549071618,238,46.56272147,16,42.2012154,307,58.32037325,33,48.09160305,106,0.1017898523,103,0.0932599764,179,NULL,10.29271691,292,7.961217498,289
2022,Creighton,53.94511149,39,30.6518724,314,72.85714286,139,10.55676067,85,43.5285611,8,31.66904422,72,72.34042553,220,9.348198971,219,38.20879703,160,33.63723608,55,51.05882353,166,44.7815534,49,0.07822037597,291,0.09943268131,253,NULL,10.56196037,312,7.645268385,311
2022,Dartmouth,46.57894737,300,33.38683788,192,77.58112094,16,9.274673008,153,50.53507729,212,34.20523139,216,71.31578947,162,7.105263158,42,45.04699928,33,37.14499253,167,42.88256228,330,42.18487395,22,0.09704761978,134,0.09272065584,167,NULL,8.097603944,83,9.457506896,134
2022,Davidson,54.21103582,34,38.47222222,6,75.73656846,48,8.383838384,189,48.38383838,127,33.80829016,191,73.88663968,290,7.066795741,39,41.07244723,105,43.8138479,333,54.95818399,78,52.2972973,212,0.07014675127,331,0.0758343257,28,NULL,7.251657395,34,9.905858794,87
2022,Dayton,53.52839931,45,36.5448505,43,68.17359855,293,11.20917917,70,46.24889673,42,32.68656716,123,72.11981567,199,10.49913941,295,34.12698413,264,37.16028841,169,56.29453682,52,53.4320323,240,0.08794154474,225,0.09499567934,202,NULL,9.875788447,263,8.653071782,223
2022,DePaul,49.39467312,195,31.67701863,274,69.3163752,262,12.52019386,39,47.819063,102,33.67952522,181,74.89959839,316,8.716707022,157,34.20074349,263,35.25104603,97,43.38235294,327,48.22954823,110,0.0881213152,224,0.0899476637,136,NULL,8.355544395,105,7.944615982,290
2022,Delaware,54.18149466,35,35.01440922,92,74.24483307,92,9.927360775,109,47.53833737,86,34.94152047,256,75.6660746,335,8.007117438,94,38.17381738,162,35.56942278,107,48.23943662,248,44.92753623,50,0.09500133179,151,0.09544526325,210,NULL,8.834235994,155,8.967415431,195
2022,Delaware State,43.35894621,348,32.20720721,250,67.42596811,310,11.68511685,55,48.58548585,134,36.09898108,303,70.56530214,117,9.879253568,256,32.76752768,291,45.8,346,41.26394052,341,63.91912908,353,0.09378001243,164,0.1186373651,350,NULL,13.78453195,357,9.942941077,83
2022,Denver,51.12781955,119,37.0994941,28,69.81132075,237,9.300095877,151,50.91083413,228,36.42857143,318,74.02135231,294,9.210526316,209,35.78756789,228,40.16064257,260,48.29842932,244,46.31043257,72,0.07172801512,320,0.07560520513,26,NULL,11.00152664,337,9.353720891,142
2022,Detroit Mercy,50,162,36.79487179,35,78.57142857,12,5.711086226,329,54.8712206,338,35.10466989,262,71.42857143,167,6.875,34,49.36708861,8,41.01717305,279,48.18049491,250,58.05084746,333,0.08860508522,218,0.09188675504,153,NULL,8.915203019,163,10.28256545,59
2022,Dixie State,47.82608696,250,29.54159593,340,66.66666667,328,6.368821293,299,51.61596958,253,33.00653595,141,70.98039216,140,11.1223458,319,37.32572877,188,36.77884615,148,60.1236476,17,53.95973154,255,0.08356810484,256,0.1129435599,341,NULL,9.724288563,249,9.521699218,126
2022,Drake,51.63346614,103,32.34836703,240,75.8812616,45,9.430438842,145,49.20634921,157,32.98192771,138,73.52941176,278,7.80876494,80,33.87776607,273,38.27089337,205,42.40654206,332,43.6997319,33,0.1032031146,92,0.07960060857,46,NULL,7.821222587,58,9.348443565,143
2022,Drexel,51.96261682,89,34.72222222,103,71.05263158,196,7.327971403,247,50.58087578,215,33.39622642,165,70,84,6.635514019,22,34.99392467,242,32.14069133,28,44.70899471,302,41.31897712,17,0.0704813616,329,0.09658556959,225,NULL,6.734885664,15,9.188681215,162
2022,Duke,55.84415584,14,36.82119205,32,72.88135593,138,13.25811001,28,46.89703808,63,31.39695712,64,67.16049383,16,8.097784568,100,36.57945736,204,33.7692667,60,56.98711596,44,51.79372197,203,0.09444846924,156,0.09101397945,146,NULL,5.838632644,3,6.654323969,353
2022,Duquesne,45.19543974,331,30.45602606,319,70.71960298,208,10.79967024,79,51.27782358,240,39.8245614,354,70.84398977,130,10.01628664,269,33.33333333,283,31.96859226,25,40.43126685,351,53.47467609,241,0.09756934656,131,0.08776338208,114,NULL,8.089920694,81,9.217606609,157
2022,East Carolina,45.37654909,327,33.28402367,198,75.43252595,55,8.984375,160,48.828125,146,35.25280899,272,69.70260223,77,11.91611058,337,39.1884058,137,41.01382488,278,63.05278174,5,60.98535286,347,0.09750006004,133,0.09990153935,260,NULL,8.693355107,138,8.741384693,219
2022,East Tennessee State,51.11326234,121,35.09933775,87,70.36082474,219,8.858057631,166,54.74919957,337,34.18491484,215,71.24183007,155,7.357212004,56,42.22595078,79,46.73109721,351,48.29760404,245,55.79345088,304,0.09760208285,130,0.09005553005,139,NULL,7.949035613,69,6.791897518,349
2022,Eastern Illinois,42.28694714,355,31.80952381,272,63.79690949,353,8.695652174,175,55.77942736,348,33.51424695,171,68.05896806,32,13.26860841,354,36.15702479,214,43.86904762,335,58.13953488,35,60.54333765,346,0.09408706953,159,0.130474334,357,NULL,11.22807018,342,8.992852502,189
2022,Eastern Kentucky,46.03004292,315,33.90216155,167,71.75572519,172,9.761163032,126,56.59397715,356,34.375,227,71.33333333,163,10.19313305,278,48.53672004,11,39.92514036,252,53.7826685,97,57.38562092,329,0.1265686603,14,0.07847256941,40,NULL,7.796629477,54,9.66984565,108
2022,Eastern Michigan,49.34152766,196,30.65810594,312,69.9047619,234,7.888040712,216,50.55131467,213,35.59822747,286,70.58823529,120,9.745390694,245,35.35754824,240,36.4762931,138,40.6374502,349,45.63918757,56,0.07875148954,287,0.0953307505,208,NULL,9.671235558,239,9.026486521,183
2022,Eastern Washington,51.85185185,94,35.96837945,55,75.67567568,49,7.734303913,225,50.04549591,189,33.80645161,190,75.86206897,338,7.992202729,92,42.5210084,70,41.35538954,290,58.50931677,32,47.16748768,82,0.07256729483,317,0.08254529787,65,NULL,10.0233576,270,8.435948024,245
2022,Elon,48.55923159,225,33.01500682,213,72.91666667,137,6.993006993,270,49.85014985,177,34.51043339,235,75.10548523,323,10.45891142,294,43.89221557,43,38.36206897,212,50.6456241,175,49.15966387,135,0.07265624514,315,0.1124678863,337,NULL,8.659031955,135,9.305971124,148
2022,Evansville,45.24103832,330,32.63888889,230,71.54255319,182,5.719921105,328,55.32544379,343,38.44660194,350,73.41772152,272,8.776266996,165,47.08960105,13,33.68214519,57,49.91680532,199,46.64031621,75,0.09139255466,188,0.08141290789,59,NULL,9.034206552,176,8.719059812,220
2022,FIU,48.99257688,208,34.03205919,156,70.83333333,203,10.78524125,80,50.23651845,201,33.38129496,163,72,188,9.8621421,255,46.23717218,17,39.66894977,246,52.84552846,130,53.60419397,245,0.08776031364,227,0.1031063794,280,NULL,9.78311693,255,9.687204019,106
2022,Fairfield,48.60736748,222,33.52272727,184,70.1863354,226,7.351778656,246,48.06324111,113,32.20338983,93,70.05347594,88,10.2425876,283,38.74518437,147,29.56570156,6,45.81724582,288,41.84852375,20,0.08114071508,275,0.08066620798,55,NULL,8.825832167,152,8.873282877,206
2022,Fairleigh Dickinson,45.17412935,332,32.36363636,239,70.83333333,203,7.586206897,233,54.48275862,333,35.09090909,261,69.85018727,80,10.44776119,291,35.36977492,239,35.14376997,95,48.57594937,238,56.97050938,321,0.09093738582,195,0.08985479789,134,NULL,10.39284409,297,9.093738582,173
2022,Florida,53.18275154,54,30.73229292,308,73.52472089,113,13.97306397,19,49.32659933,160,32.70223752,125,70.11278195,92,8.829568789,172,46.09850581,20,32.84341436,36,52.97157623,121,47.80927835,98,0.120843807,26,0.1124453957,336,NULL,7.231965287,33,9.564857314,117
2022,Florida A&M,46.29948365,308,29.73621103,332,70.57569296,211,8.439646712,188,46.41805692,48,34.29084381,222,67.21044046,17,5.593803787,3,26.4091197,353,35.34263959,101,49.24471299,216,51.95783133,204,0.08900780143,217,0.09324626816,178,NULL,9.483569319,217,9.536550153,124
2022,Florida Atlantic,54.36105477,33,34.87109905,98,71.70923379,173,7.953529937,212,47.63181412,89,37.27598566,332,69.81481481,79,8.92494929,184,42.77423099,60,33.27370304,46,49.43253468,209,43.72469636,34,0.1022466397,100,0.09158585265,151,NULL,10.61232896,315,9.013210896,186
2022,Florida Gulf Coast,53.09917355,56,35.07109005,89,68.84328358,278,12.99483649,31,50.25817556,203,33.69565217,183,68.26086957,35,7.231404959,51,46.57836645,15,38.7776607,223,56.17283951,54,50.48076923,167,0.08980712408,209,0.0958563086,216,NULL,9.352969917,203,6.793699542,348
2022,Florida State,48.68204283,220,33.12101911,208,70.78853047,205,14.78942214,11,49.9510284,182,36.89839572,325,71.00371747,142,7.825370675,82,34.09337676,265,42.28377614,310,55.69461827,66,55.08905852,289,0.1231745439,19,0.08491578407,88,NULL,9.564689964,223,8.584892456,230
2022,Fordham,46.6853408,295,29.6620776,336,72.6618705,146,9.924937448,110,48.54045038,132,31.23028391,58,67.92114695,26,9.617180205,241,42.72727273,62,34.58810693,81,51.42469471,158,49.23076923,137,0.1049527376,85,0.08297545496,68,NULL,10.58497696,314,9.149725845,165
2022,Fresno State,50.69860279,136,32.6953748,228,72.8,144,8.658008658,177,47.18614719,73,32.53373313,118,68.28703704,37,6.786427146,29,38.48987109,157,41.92331867,302,50.49088359,180,50.84226646,180,0.09184903918,181,0.08517843857,89,NULL,9.44146548,212,10.21115017,62
2022,Furman,54.96828753,24,37.52475248,22,75.82417582,46,10.0676819,102,52.4534687,282,33.33333333,160,72.94372294,253,10.14799154,275,51.63599182,2,36.96,160,61.95773081,8,51.58636898,197,0.121483773,23,0.08716122003,108,NULL,6.999994355,27,6.999994355,347
2022,Gardner-Webb,50.26288118,156,32.95819936,217,69.93318486,233,13.64136414,24,47.30473047,77,28.54914197,8,74.24511545,301,9.463722397,232,39.54227591,129,41.35483871,289,51.97657394,149,52.52854812,223,0.104556029,87,0.09410042607,188,NULL,10.61243694,316,8.573594375,231
2022,George Mason,52.44988864,72,35.71428571,69,69.3877551,260,9.664292981,131,48.1180061,115,34.40111421,229,73.21428571,262,9.354120267,222,46.61117717,14,42.21046443,308,56.05858855,60,49.72222222,145,0.07410770156,311,0.09962823454,257,NULL,7.999705532,70,9.81558961,94
2022,George Washington,47.97178131,244,33.7007874,176,69.7826087,239,10.50420168,88,51.42857143,247,30.73248408,37,71.66979362,177,10.84656085,308,35.89598643,222,34.54345435,77,48.54881266,239,50.31055901,159,0.09783360017,129,0.09499784364,203,NULL,8.412744362,112,8.223693927,264
2022,Georgetown,43.2981316,349,34.1991342,141,74.37275986,87,10.85766423,78,52.37226277,277,36.92307692,326,72.58687259,233,11.37286759,328,36.01871102,220,41.57782516,297,47.53246753,262,61.02088167,348,0.1008380459,108,0.09720424247,230,NULL,9.084508642,179,7.903522518,295
2022,Georgia,51.33394664,113,32.13166144,255,74.73997028,74,5.892399658,322,56.1058924,355,34.88372093,252,71.60751566,173,14.71941122,358,36.98550725,195,41.09657948,281,58.19134993,34,56.15711253,312,0.0747504588,309,0.1119018844,335,NULL,9.489279799,218,8.235978694,259
2022,Georgia Southern,50.11086475,160,29.23976608,348,67.11409396,320,8.873720137,164,47.44027304,83,33.04195804,145,69.18604651,59,8.536585366,140,36.25441696,210,39.4210889,238,48.17275748,251,50.330033,161,0.1009630209,107,0.1101414773,327,NULL,10.26839814,291,8.834264325,214
2022,Georgia State,43.10880829,351,32.26950355,246,71.5835141,179,12.47058824,41,45.41176471,26,37.8585086,342,70,84,8.911917098,181,36.88685415,199,38.09176985,195,52.5083612,137,56.67808219,318,0.1198118489,29,0.08898647028,126,NULL,8.026230652,72,10.70164087,32
2022,Georgia Tech,48.59574468,223,34.29951691,132,69.26503341,265,7.239819005,255,51.31221719,242,32.12735166,90,72.74336283,240,8.425531915,133,34.57683742,252,38.47438753,214,53.06122449,118,58.8086185,336,0.1088555117,60,0.09542227832,209,NULL,9.403263349,207,7.920975531,292
2022,Gonzaga,60.90675791,1,37.85046729,15,72.96296296,135,13.7987013,22,41.63961039,1,30.74484945,38,69.49152542,70,6.757912746,27,35.45002761,237,33.87010199,61,55.28795812,74,40.87694484,12,0.09021484455,203,0.08460563142,84,NULL,7.432207401,40,7.899641828,297
2022,Grambling,43.75503626,346,31.13402062,293,71.35416667,184,8.918918919,163,46.30630631,46,35.66775244,287,68.70554765,47,11.361805,327,28.09965238,348,35.61484919,108,45.24495677,296,51.56889495,196,0.08932949705,215,0.09736442535,233,NULL,10.20908538,285,10.35087823,52
2022,Grand Canyon,48.34307992,230,34.83483483,100,67.23809524,317,5.735430157,327,45.05087882,19,26.92998205,2,69.25925926,62,8.966861598,187,39.36170213,130,34.004884,63,50.13736264,190,42.85714286,27,0.09450739944,154,0.08526211037,90,NULL,10.68344515,322,9.142563642,167
2022,Green Bay,48.85572139,216,28.03030303,355,71.07942974,194,7.920792079,215,53.56435644,316,34.69387755,245,76.78207739,351,8.756218905,161,34.44227006,255,34.796643,88,47.5743349,261,47.52747253,90,0.07640371938,303,0.1087691838,321,NULL,9.072941676,177,10.55856955,39
2022,Hampton,44.24307036,341,29.36507937,346,69.6969697,242,9.705882353,129,48.7254902,139,29.70873786,18,66.43717728,7,8.42217484,132,34.95145631,243,33.5504886,52,45.47069272,294,47.23076923,83,0.06790374782,338,0.08943420444,130,NULL,9.219451939,189,9.826721229,93
2022,Hartford,51.54004107,110,36.94029851,30,69.04276986,273,8.813263525,168,50.43630017,209,35.6741573,288,72.81191806,247,9.54825462,237,45.21934758,31,38.32077503,209,48.81101377,232,47.23557692,85,0.08957371267,212,0.09792773768,239,NULL,8.354025016,104,7.518622514,322
2022,Harvard,50,162,32.59005146,233,67.25663717,316,6.587615283,289,49.80237154,174,37.0741483,329,73.17073171,259,9.351620948,220,42.09386282,83,39.66613672,245,42.30118443,335,50.44404973,165,0.1030807802,93,0.08879850347,123,NULL,8.569366069,126,10.37017488,49
2022,Hawaii,49.45188794,192,34.55497382,115,74.39293598,86,5.174129353,341,47.1641791,71,30.85846868,39,72.52747253,230,8.891595615,176,41.10473458,102,30.01392758,12,50.49668874,179,37.89126853,2,0.05398585805,356,0.09330164598,180,NULL,10.38640965,296,10.50377021,41
2022,High Point,49.39759036,194,32.02846975,260,64.20863309,350,12.33396584,44,52.08728653,269,30.11272142,26,66.8358714,11,9.453197405,231,34.24741012,260,37.07462687,165,48.24684432,247,54.07608696,259,0.09222735289,178,0.09272587912,168,NULL,10.21978775,287,8.524798564,234
2022,Hofstra,55.64202335,16,33.77563329,172,79.65260546,6,7.584830339,234,52.09580838,270,38.27493261,347,73.58078603,280,8.657587549,149,44.64189553,37,42.54587156,316,52.46478873,138,57.32009926,326,0.107968576,67,0.07355064563,17,NULL,7.307916713,35,9.571013502,116
2022,Holy Cross,43.24553951,350,33.12368973,207,71.24735729,188,9.836065574,119,52.73224044,290,36.11111111,304,68.65079365,45,8.666100255,150,28.83917775,345,32.96703297,37,41.52923538,340,51.67958656,199,0.0828599551,266,0.08852119426,121,NULL,9.366777533,204,9.315311722,147
2022,Houston,55.10860821,22,34.08521303,152,66.89419795,322,17.30205279,3,43.49951124,7,29.03645833,11,70.54140127,115,6.436041834,14,39.09848114,140,42.88107203,324,59.45663532,21,55.38922156,298,0.1245371554,16,0.09028943769,142,NULL,8.094915103,82,9.251331547,153
2022,Houston Baptist,50.54112554,142,30.46875,318,71.45488029,183,5.573419078,335,53.6977492,320,38.78787879,352,75.18518519,325,8.982683983,188,35.6545961,231,34.66386555,84,47.67255217,259,47.76334776,94,0.1060648957,81,0.109931845,325,NULL,9.722615439,248,8.507288509,237
2022,Howard,47.82608696,250,36.22704508,53,74.72324723,76,8.829365079,167,48.61111111,135,33.98821218,206,71.65048544,175,9.810479376,248,40.04010695,118,33.55306526,53,54.33436533,85,47.9638009,101,0.1037290871,89,0.09949524685,254,NULL,10.74336974,328,13.1249049,4
2022,IUPUI,41.63860831,357,29.23728814,349,67.35294118,312,7.721046077,227,52.42839352,280,35.51724138,281,74.51737452,310,9.539842873,236,34.62949376,250,41.93781634,303,53.6345776,102,53.90749601,253,0.089266051,216,0.1209789902,353,NULL,13.9771843,358,11.6280777,12
2022,Idaho,47.36842105,266,36.70473083,40,74.68805704,78,5.626598465,331,55.49872123,345,35.11187608,263,69.6969697,76,9.95215311,262,36.97225573,196,33.12428734,42,46.25,285,41.28654971,16,0.04923225437,358,0.08446710308,83,NULL,10.03951854,272,9.556849377,121
2022,Idaho State,49.59254948,186,29.61783439,339,68.43177189,288,6.43153527,294,54.46058091,332,34.10714286,208,73.50746269,277,8.614668219,147,42.23268325,78,36.74540682,146,45.75163399,289,45.67039106,57,0.07042587338,330,0.1050970726,293,NULL,10.61805476,317,9.642927279,109
2022,Illinois,51.67144222,102,36.71373556,39,70.76124567,206,7.126436782,263,45.44061303,27,32.29927007,100,72.10626186,197,8.595988539,145,42.66155531,66,29.57366433,7,57.6783555,40,41.68831169,19,0.07508432321,307,0.09479395806,198,NULL,8.212347852,92,8.071564746,284
2022,Illinois-Chicago,53.29787234,51,32.42236025,237,70.75,207,9.398186315,146,49.95877988,183,37.41794311,335,72.32924694,217,6.489361702,16,46.13180516,19,27.36526946,2,54.19947507,86,43.5006435,31,0.0799955558,280,0.0962909468,222,NULL,7.604515799,47,8.888395089,204
2022,Illinois State,49.69053935,181,36.88155922,31,75.13321492,62,12.19723183,45,50.60553633,217,34.28981349,221,75.29610829,326,6.719717065,23,37.09677419,194,37.6146789,182,46.65841584,278,50.12135922,152,0.09458209109,152,0.1014358658,270,NULL,9.412517277,210,7.90468684,294
2022,Incarnate Word,46.49827784,302,33.7535014,174,80.68965517,2,4.47761194,354,57.36940299,357,37.12374582,331,71.05788423,145,7.921928817,88,45.04731861,32,35.80838323,114,48.60681115,237,48.86499403,128,0.07125407166,325,0.09568403909,214,NULL,10.53542345,310,10.94258958,26
2022,Indiana,51.35746606,111,33.49753695,186,69.59876543,248,14.37177281,15,43.63166954,9,32.60869565,120,75.83333333,337,6.862745098,33,31.47286822,312,40.22633745,262,56.83615819,45,47.50656168,88,0.08231864174,268,0.09560967244,213,NULL,7.631624078,50,9.560967244,120
2022,Indiana State,52.83687943,62,31.99445983,261,77.77777778,15,4.716073147,351,50.14436959,198,36.11987382,305,75.79908676,336,10.9929078,312,46.04591837,21,37.89599522,188,52.80235988,132,48.4,116,0.08342391991,258,0.09252471118,161,NULL,9.909750487,264,7.482872816,324
2022,Iona,51.07973422,124,33.33333333,194,69.67559944,243,15.73482428,8,46.88498403,61,30.25889968,30,70.53291536,114,8.222591362,112,36.22881356,212,33.04812834,41,60.85409253,13,47.54521964,92,0.09147503494,186,0.09854556904,244,NULL,7.910160026,64,9.854556904,91
2022,Iowa,52.58557902,66,36.80634202,34,74.89051095,69,11.40089419,64,50,185,32.94422827,136,70.57761733,118,7.356154406,55,39.14007092,139,36.48840511,139,53.77268386,98,54.48648649,273,0.1044876224,88,0.07463401597,22,NULL,5.486608741,1,8.835053782,213
2022,Iowa State,50.89445438,129,32.13751868,254,68.38966203,289,9.542356378,138,50.73028238,220,29.64169381,17,71.93277311,185,11.27012522,326,37.43704533,184,37.41620963,176,60.07653061,18,52.34708393,216,0.1241476388,17,0.1066100541,307,NULL,9.73797464,252,12.13785465,7
2022,Jackson State,45.48523207,323,29.98065764,328,63.41463415,354,10.21834061,94,47.42358079,81,32.22453222,95,69.07563025,53,8.776371308,166,30.3760282,332,29.58179582,8,46.82997118,275,48.42406877,117,0.09217170127,179,0.09972675875,258,NULL,9.922308826,265,9.166803077,164
2022,Jacksonville,47.22222222,271,34.50549451,120,69.7309417,241,5.635648755,330,49.9344692,181,29.29447853,13,72.01834862,190,9.920634921,259,31.10047847,323,46.07773852,348,49.13112164,220,48.25174825,112,0.08996877728,208,0.08937687743,129,NULL,9.707157549,244,7.457938117,327
2022,Jacksonville State,51.82320442,95,38.22222222,10,68.30708661,291,9.186906019,156,47.41288279,80,32.51295337,116,77.41046832,356,8.287292818,126,42.72151899,63,44.9098313,340,53.92022008,89,53.14285714,233,0.09005010645,205,0.09725411497,231,NULL,10.23998353,290,8.078780979,283
2022,James Madison,50.93596059,127,34.22939068,137,70.53941909,213,6.360424028,300,55.71260306,347,33.73493976,187,74.48747153,308,7.586206897,71,35.47361729,235,46.80451128,352,45.62146893,293,59.03448276,338,0.1103963096,51,0.08989413782,135,NULL,8.726565426,144,9.515110495,127
2022,Kansas,54.51155854,30,35.52631579,75,72.43975904,153,10.4988831,89,47.87788533,106,30.08595989,25,70.72310406,126,7.829977629,83,33.77777778,274,34.1989221,70,53.90143737,90,47.47948417,87,0.09121863706,190,0.09749514878,235,NULL,8.033935007,73,9.289237352,151
2022,Kansas State,47.51219512,263,34.61538462,110,72.62357414,147,4.946653734,344,52.37633366,278,30.15873016,28,69.69147005,75,10.53658537,299,42.38336144,75,40.19721578,261,51.60427807,155,55.00667557,287,0.1076958659,70,0.08397430955,79,NULL,8.492317181,115,9.014191421,184
2022,Kennesaw State,50.30864198,155,36.24161074,52,65.87982833,337,7.787810384,222,52.14446953,273,36.24801272,312,70.28037383,98,7.510288066,67,38.01020408,168,41.51815182,295,49.92907801,197,54.63768116,279,0.09252057704,174,0.08656896097,101,NULL,8.765107298,146,8.9274241,201
2022,Kent State,50.71496663,134,32.12735166,256,74.73498233,75,11.21495327,69,49.63655244,168,31.27629734,61,71.19205298,151,7.530981888,69,39.71264368,126,42.54176611,315,49.07161804,223,51.4978602,195,0.1011808428,104,0.09878319247,248,NULL,8.823353114,151,9.494695199,130
2022,Kentucky,53.68632708,42,34.93975904,95,73.0017762,133,10.99601594,72,47.17131474,72,30.31161473,32,71.54471545,170,6.434316354,13,28.02701399,350,36.00203978,120,52.98804781,120,46.27791563,69,0.09840794666,124,0.08708667846,103,NULL,7.92488774,65,7.576541026,315
2022,LIU,49.72477064,180,30.95890411,300,68.17359855,293,12.75797373,35,48.87429644,147,32.09054594,87,72.27356747,215,7.431192661,63,40.10989011,115,41.33186571,288,61.71875,11,50.91863517,182,0.09864596667,123,0.09676699588,227,NULL,8.784188461,147,8.220497223,265
2022,LSU,50.42935207,150,31.85840708,270,73.21981424,123,14.81481481,10,47.73662551,96,27.96610169,5,68.98550725,51,8.821233411,171,34.60949464,251,45.93993326,347,48.72389791,233,53.95683453,254,0.1558242507,1,0.09749659401,236,NULL,10.72888283,326,9.749659401,100
2022,La Salle,47.63670065,258,31.98324022,262,68.73614191,279,11.50044924,61,47.79874214,100,35.91331269,295,70.6959707,125,8.063021316,97,39.88857939,122,36.72541217,145,53.83580081,95,56.02094241,311,0.08490981348,249,0.09455865592,195,NULL,9.118156106,181,8.298004499,254
2022,Lafayette,51.8558952,93,32.76983095,225,68.27195467,292,8.711770158,174,51.80722892,263,38.00978793,345,69.10755149,55,7.641921397,73,45.6379822,28,36.22931442,126,64.51169188,3,52.14646465,206,0.09412974989,158,0.08384234553,77,NULL,8.075612422,79,7.818427313,303
2022,Lamar,44.1011236,342,30.21276596,324,68.48635236,284,9.280742459,152,52.66821346,287,35.45878694,278,70.81174439,128,8.052434457,96,30.55916775,329,42.72425249,321,48.61337684,236,67.74193548,357,0.08845060363,220,0.1126234394,340,NULL,10.43826999,303,9.009875153,188
2022,Lehigh,48.87429644,214,38.18181818,11,74.19354839,94,7.635285397,230,47.36842105,79,36.40167364,316,72.46127367,228,11.7260788,335,38.2387022,159,26.16310892,1,55.88615783,62,41.20541205,15,0.06402824776,347,0.1068706782,308,NULL,8.521406503,118,8.286008533,257
2022,Liberty,53.98773006,38,38.05970149,12,76.68845316,25,5.810397554,325,46.27930683,44,34.17533432,213,72.44701349,225,8.220858896,111,49.66028413,6,40.68923821,270,56.3002681,51,47.95321637,100,0.07510232692,306,0.09913507153,251,NULL,8.060983089,77,9.563029628,118
2022,Lipscomb,53.22415558,52,34.00868307,160,72.21238938,160,6.525573192,291,48.14814815,117,37.51568381,337,72.43735763,224,13.20368475,353,41.42685851,96,41.27395132,286,58.94039735,26,53.13609467,232,0.06003450802,352,0.1016332222,271,NULL,8.792455506,148,8.13065778,277
2022,Little Rock,46.59367397,298,33.33333333,194,73.21016166,124,6.375442739,298,55.48996458,344,38.4057971,348,71.36258661,166,8.02919708,95,38.70246085,149,39.45675482,241,54.67625899,81,57.47800587,331,0.09231628618,176,0.08937627707,128,NULL,11.40723536,345,10.76043336,30
2022,Long Beach State,47.18723762,272,35.71428571,69,72.2741433,158,8.48880597,183,50.65298507,218,35.46511628,279,74.33808554,305,7.220822838,47,31.43350604,313,39.09090909,230,49.00924703,226,52.35069886,217,0.09649956004,140,0.08531120525,91,NULL,9.649956004,237,10.30261003,56
2022,Longwood,47.76564052,252,38.55218855,5,72.55244755,150,6.091954023,316,53.67816092,319,31.04477612,46,74.02912621,295,11.91658391,338,37.10181137,193,43.50649351,332,54.50704225,82,50.22222222,154,0.1106894371,49,0.08328062408,72,NULL,10.22559561,288,9.118701244,170
2022,Louisiana State,47.04761905,276,34.31372549,131,71.06598985,195,10.71428571,81,46.16071429,39,32.21830986,94,74.95826377,320,8.761904762,163,36.82310469,201,33.6492891,56,50.42613636,183,51.42857143,194,0.09506977878,149,0.1184715705,349,NULL,10.09202267,278,8.82442562,215
2022,Louisiana-Monroe,50.47528517,147,33.15972222,205,71.69811321,174,7.396149949,244,51.97568389,268,36.15023474,306,69.32624113,66,10.74144487,307,35.38083538,238,39.29889299,235,56.09418283,58,58.19892473,334,0.09600898808,144,0.1108188852,330,NULL,7.864566044,60,9.80517325,96
2022,Louisiana Tech,52.53759398,69,33.96226415,164,72.82415631,142,5.550581916,336,47.44852283,84,32.95292439,137,72.79843444,246,9.210526316,209,41.08527132,103,38.55885589,216,49.93834772,195,50.06570302,151,0.09225455768,177,0.09225455768,157,NULL,7.649247245,51,10.10627818,67
2022,Louisville,50.50597976,145,30.94339623,302,67.37288136,311,6.754385965,283,49.12280702,154,34.9002849,253,70.28985507,99,9.291628335,216,42.24229543,77,38.11074919,197,48.05031447,253,52.42236025,219,0.0899825544,207,0.09411440639,189,NULL,8.539160775,119,7.253695712,337
2022,Loyola (IL),55.76519916,15,37.98342541,14,71.82835821,170,7.32177264,248,46.91714836,64,31.45539906,66,73.31932773,267,11.21593291,323,43.1466031,53,38.10375671,196,56.75340768,46,41.86046512,21,0.10017664,113,0.08662617659,102,NULL,9.678902412,240,9.872480461,89
2022,Loyola (MD),51.7447657,100,32.14862682,253,69.13580247,272,7.924921794,214,51.30344108,241,34.3003413,223,71.94092827,186,8.175473579,105,38.16276202,163,37.92880259,191,58.91364903,27,54.4011544,269,0.1172647732,34,0.09702881678,228,NULL,8.509479119,116,9.028349797,182
2022,Loyola Marymount,52.26554268,76,34.18803419,142,72.11740042,164,4.761904762,350,55.01519757,339,36.04240283,301,77.37373737,355,10.43203372,289,38.13559322,164,36.44558918,136,44.68390805,303,55.15394913,291,0.07721196523,298,0.09559576647,212,NULL,9.612101794,234,10.34745384,53
2022,Maine,47.04570792,277,31.02836879,298,70.46979866,216,7.849462366,218,53.33333333,308,38.61386139,351,72.39915074,221,7.692307692,74,38.6036961,154,35.19163763,96,55.61139028,67,49.3487699,139,0.09999200645,114,0.09941065758,252,NULL,9.475986658,216,8.313288909,252
2022,Manhattan,50,162,29.9047619,329,73.63636364,109,8.868778281,165,52.85067873,293,33.93829401,202,71.08013937,148,7.009345794,38,32.9153605,289,33.27294686,45,46.38728324,283,55.90142672,309,0.09839735311,125,0.1087290752,320,NULL,9.642940605,235,10.03653002,77
2022,Marist,49.67682364,182,34.40366972,125,71.88940092,169,9.815354713,120,47.13313897,70,33.38008415,162,72.78225806,243,8.864265928,174,37.65112263,177,40.92996556,275,35.25557012,358,54.77178423,281,0.08608497817,239,0.08805263482,119,NULL,9.444751891,213,8.214966488,267
2022,Marquette,52.93569432,61,34.72041612,104,74.69635628,77,12.73166801,36,46.17244158,40,31.7251462,75,69.93006993,82,9.133271202,200,41.74809989,92,35.53246753,105,59.4011976,22,54.93670886,286,0.1093104259,55,0.09855858076,245,NULL,7.436692912,42,8.198281945,270
2022,Marshall,52.1079258,82,30.14416776,326,70.88607595,200,10.89896579,75,51.55131265,249,35.27607362,273,78.14814815,358,6.745362563,25,39.14828117,138,34.15400733,69,50.35377358,187,46.12756264,63,0.08813792034,223,0.1045253729,291,NULL,7.617950904,49,8.990953683,190
2022,Maryland,49.65095986,183,32.59587021,232,75.88996764,44,8.747855918,173,48.19897084,120,35.53162853,282,73.82978723,286,9.2495637,213,37.17105263,192,38.920901,227,47.08860759,271,52.17917676,208,0.09379741597,163,0.08276242586,67,NULL,8.64407559,134,6.666973194,352
2022,Maryland-Eastern Shore,44.59279039,340,31.88405797,267,64.73429952,348,6.631989597,286,51.23537061,236,33.68200837,182,68.72246696,48,10.14686248,273,42.42890085,73,38.33199679,210,53.7254902,101,55.67567568,302,0.1347633913,6,0.09829073038,242,NULL,12.05452354,350,10.32361759,54
2022,Massachusetts,47.96672828,245,37.11843712,27,75.76243981,47,6.820049302,279,54.72473295,336,37.40795287,334,72.79279279,245,7.855822551,84,43.08258811,57,35.81223629,115,53.09842041,117,57.5,332,0.09239937061,175,0.0848110165,87,NULL,8.079365256,80,8.748925913,218
2022,McNeese State,49.91423671,171,30.5982906,315,65.39634146,343,8.079930495,204,51.95482189,267,34.68013468,241,72.79202279,244,7.890222985,86,33.4094803,280,34.04011461,65,42.31274639,334,51.11940299,187,0.0876980418,228,0.1126227484,339,NULL,10.75454934,329,9.046745364,179
2022,Memphis,52.03583062,86,35.8974359,60,69.20821114,269,16.84210526,4,45.26315789,22,32.05619413,86,70.04991681,87,9.201954397,208,30.77790304,326,42.83369803,323,59.64071856,20,57.0441989,322,0.1219395157,20,0.1318753281,358,NULL,9.709998476,245,8.671254453,222
2022,Mercer,53.1120332,55,35.302391,80,77.48478702,17,8.554572271,181,53.29400197,306,35.13513514,264,72.70916335,238,8.713692946,156,42.44776119,72,42.1172453,306,56.09436435,57,50.87281796,181,0.08445976871,250,0.1030116254,279,NULL,8.006590791,71,7.420742685,329
2022,Merrimack,47.75956284,253,33.27974277,200,67.9197995,299,10.68249258,82,48.7636004,142,33.20683112,152,71.26436782,159,9.180327869,205,40.46844502,109,34.26527958,74,50.46583851,181,59.43113772,340,0.1367254523,5,0.09258573937,164,NULL,9.204745019,188,8.88177151,205
2022,Miami (FL),54.83606557,26,35.28550512,81,74.31693989,88,8.456843941,185,53.87968614,324,35.21505376,269,69.09871245,54,8.770491803,164,35.8906989,223,39.3442623,236,50.87912088,168,56.59090909,317,0.1288266376,10,0.07872738964,41,NULL,6.307137465,7,7.470155721,326
2022,Miami (OH),49.46653734,190,34.25559947,135,79.95283019,4,8.456243854,186,52.50737463,285,36.71988389,321,72.58687259,233,8.923375364,183,42.40223464,74,40.38686987,266,49.22077922,217,50.82592122,179,0.080388046,278,0.08783138359,116,NULL,6.202781327,6,9.924450123,85
2022,Michigan,52.96540362,60,33.96551724,163,74.56647399,84,8.053691275,205,50.75503356,222,33.00653595,141,72.91666667,251,8.401976936,130,32.32998885,301,33.92461197,62,52.38095238,140,41.63568773,18,0.07071992163,327,0.07788748126,37,NULL,9.317827513,199,7.884315588,300
2022,Michigan State,49.65089216,184,37.77089783,17,74.65986395,81,13.67249603,23,47.85373609,103,31.24183007,60,70.85514834,131,8.688906129,154,33.38501292,282,37.81512605,185,60.74660633,14,51.72413793,200,0.08557582699,244,0.09508425221,205,NULL,9.724525794,250,6.785557999,350
2022,Middle Tennessee,52.11406096,80,32.89986996,221,75.98627787,39,11.52790485,59,48.49039341,131,30.97484277,42,73.91304348,291,11.01278269,314,43.05711086,58,36.78426836,149,48.65900383,235,43.74140303,35,0.1108817184,48,0.09649957086,224,NULL,9.742745134,253,9.69635111,105
2022,Milwaukee,47.52650177,262,31.94675541,265,71.54639175,181,10.07259528,101,45.28130672,23,33.75959079,188,76.86703097,352,8.480565371,135,34.67974611,249,41.507431,294,48.08219178,252,53.34207077,239,0.07140901896,323,0.09759232591,237,NULL,9.806838604,257,7.712174048,307
2022,Minnesota,47.97742239,243,36.79245283,36,71.82044888,171,7.267950963,253,51.57618214,251,33.66336634,177,70.27027027,97,10.44214487,290,37.43378458,185,34.66819222,86,50.94086022,167,50.81967213,178,0.08087343308,277,0.07329154873,16,NULL,6.621512333,13,7.733522038,306
2022,Mississippi,49.91258741,172,32.64705882,229,71.12810707,193,7.77972028,223,53.05944056,301,32.25308642,97,70.91633466,135,9.178321678,203,37.28070175,189,36.16071429,125,53.21563682,114,59.55882353,343,0.1046595395,86,0.1014321528,269,NULL,7.884044607,62,8.898366135,203
2022,Mississippi State,51.58371041,108,29.47976879,344,72.21438646,159,10.64030132,83,50.56497175,214,32.12435233,88,72.62135922,236,8.220211161,110,28.1300813,347,42.09378408,305,52.92712067,125,57.4522293,330,0.11924508,31,0.1062446766,302,NULL,8.876137535,160,7.620926167,313
2022,Mississippi Valley State,43.75586854,345,30.52147239,317,65.49165121,342,5.836236934,324,55.13937282,340,40,356,71.21710526,153,9.295774648,217,37.97320909,169,31.17505995,19,47.96992481,256,51.72413793,200,0.09879934696,120,0.09157012645,150,NULL,8.916038628,164,10.89202557,28
2022,Missouri,49.41666667,193,28.10344828,354,74.06015038,98,11.45104895,63,49.73776224,171,35.19379845,266,70.17268446,93,9.833333333,252,32.58426966,294,36.05366126,122,50.3968254,185,48.24120603,111,0.09503334859,150,0.1094042452,323,NULL,10.70863587,324,8.390749315,247
2022,Missouri State,54.61346633,28,36.4394993,47,79.88721805,5,9.083263246,158,47.77123633,97,33.55978261,172,75.8812616,339,8.063175395,98,37.40894901,186,38.23376623,204,42.32861806,333,43.80368098,36,0.07814017504,292,0.07547630543,25,NULL,7.947210984,68,7.902813157,296
2022,Monmouth,46.31828979,306,33.12883436,206,72.84299859,140,9.894921191,112,46.5849387,50,32.27445997,99,71.34052388,164,8.551068884,142,34.04699739,268,40.79834111,273,49.56304619,207,50.25445293,156,0.09266711623,172,0.08048552348,53,NULL,9.266711623,192,8.483609232,239
2022,Montana,49.89878543,173,33.87681159,168,78.75210793,11,7.170172084,260,49.90439771,180,37.52759382,338,73.01092044,256,8.299595142,127,35.84415584,226,30.22014676,13,49.11764706,221,44.36416185,43,0.07857940757,289,0.0616309079,2,NULL,9.501431635,219,11.24764069,19
2022,Montana State,53.0941704,57,36.75078864,38,75.03546099,65,10.49868766,90,48.11898513,116,32.33908948,104,75.66302652,334,8.161434978,104,36.24928531,211,35.78651685,113,48,255,39.41798942,5,0.07257495492,316,0.09318265817,177,NULL,9.139068397,184,10.97584195,25
2022,Morehead State,51.56555773,109,35.80786026,64,67.47474747,309,14.3207856,17,45.33551555,24,32.61943987,121,67.66743649,22,9.88258317,257,40.19894675,113,33.18753417,43,61.7076326,12,50,148,0.08331709218,261,0.1135256285,342,NULL,9.013837459,173,9.013837459,185
2022,Morgan State,46.54282766,301,30.68432671,310,66.74208145,326,9.656925032,132,51.33418043,245,34.67741935,240,70.23172906,95,10.31991744,287,31.85654008,306,38.65939205,219,52.88135593,128,49.30555556,138,0.09444893854,155,0.1055262832,297,NULL,10.84413739,333,13.87583171,2
2022,Mount St. Mary's,47.60638298,259,33.94308943,165,68.54460094,282,10.9375,73,47.42647059,82,33.89199255,197,74.64788732,311,7.180851064,46,30.37037037,333,33.04615385,40,53.26704545,112,45.84527221,58,0.08792481638,226,0.1089846526,322,NULL,9.161028773,185,10.1087214,66
2022,Murray State,53.46901018,47,34.70948012,105,69.75881262,240,9.453781513,143,50,185,30.06134969,23,67.59493671,21,10.54579093,300,37.6945245,176,40.64837905,269,50.1863354,189,45.53571429,55,0.1155227276,39,0.07820786424,39,NULL,9.303157706,197,9.405390209,138
2022,N.C. State,45.95709571,316,34.05612245,154,72.46127367,152,9.372453138,149,53.2192339,304,35.94470046,297,74.32188065,304,11.05610561,318,39.27855711,133,34.66453674,85,43.81067961,318,52.87485908,231,0.1011138321,105,0.08125218647,57,NULL,6.409894711,8,8.215498855,266
2022,NJIT,45.1417004,334,32.60869565,231,66.66666667,328,10.04140787,104,51.03519669,230,34.02366864,207,70.04504505,86,9.210526316,209,35.84415584,226,41.16930572,283,45.04792332,298,54.49515906,274,0.08726753449,231,0.09890320576,249,NULL,8.832532279,154,7.933412227,291
2022,Navy,47.00926706,280,32.34750462,241,65.60150376,339,10.1980198,95,45.74257426,31,33.16993464,150,68.28793774,38,9.098567818,199,31.30787037,320,37.73119605,183,49.79536153,201,56.2406015,313,0.1027588518,96,0.1077230475,316,NULL,9.084478201,178,10.07731735,69
2022,Nebraska,51.78875639,97,31.95435093,264,73.12,127,7.219917012,256,51.2033195,234,34.68137255,242,72.26890756,213,10.22146508,280,37.38666667,187,40.37605146,265,49.03846154,224,50.77777778,176,0.09800788324,127,0.09672951955,226,NULL,7.457121551,43,8.479812507,240
2022,Omaha,46.94793537,282,35.80034423,65,73.125,126,7.029053421,267,53.98313027,326,39.94126285,355,73.39449541,270,7.63016158,72,34.27728614,258,38.95881007,228,43.36525308,328,48.70283019,121,0.06483374258,345,0.09144460707,149,NULL,10.1605119,282,8.225176297,263
2022,Nevada,51.2797075,114,33.01282051,214,74.86338798,71,10.04056795,105,51.21703854,235,35.92736706,296,72.60536398,235,7.221206581,48,36.32130384,208,43.88161639,336,56.32333768,50,55.88235294,307,0.08956507905,213,0.08343694206,74,NULL,10.08785627,277,9.380763542,140
2022,New Hampshire,48.13519814,238,36.60565724,42,67.2972973,315,8.032596042,207,49.82537835,176,34.22939068,218,74.6701847,312,8.275058275,123,41.19259767,100,39.37896965,237,48.34123223,242,41.03392569,13,0.06363240052,348,0.08015235065,51,NULL,6.791535055,17,7.648125062,310
2022,New Mexico,48.11490126,239,34.36578171,130,74.78705281,73,10.88082902,77,53.45423143,314,32.84313725,129,73.290938,265,8.438061041,134,37.83482143,171,34.57627119,80,44.473342,307,52.31707317,213,0.08359262527,255,0.08173501138,60,NULL,7.941299401,67,9.613151906,112
2022,New Mexico State,54.17106653,36,32.98033283,215,69.29824561,263,12.92307692,32,45.84615385,33,29.97237569,22,74.15254237,298,6.335797254,9,41.10696517,101,42.61330194,318,53.7619699,100,48.19277108,109,0.06877457364,333,0.0991162973,250,NULL,10.7713119,330,10.06333835,71
2022,New Orleans,50.95087163,126,31.21546961,290,73.83040936,102,7.055503293,265,51.08184384,231,31.61004431,70,70.52631579,113,8.24088748,115,22.29064039,358,38.90804598,226,45.37037037,295,54.55746367,276,0.1023894848,99,0.09476980225,196,NULL,9.857964354,261,9.381734192,139
2022,Niagara,48.2421875,235,34.02417962,158,73.3924612,116,7.378640777,245,46.89320388,62,33.61486486,173,74.94646681,318,8.203125,106,36.11977542,215,36.49815043,140,48.3357453,243,52.34604106,215,0.08202609684,271,0.07680150468,33,NULL,8.986298507,171,8.934052586,200
2022,Nicholls State,54.79573712,27,32.44444444,236,62.43654822,356,10.27592769,93,47.00285442,67,33.91719745,200,71.26436782,159,6.394316163,10,37.47917823,182,37.4032162,174,42.46411483,331,54.17256011,263,0.1056660339,82,0.07666930832,31,NULL,9.681957525,241,9.141340607,168
2022,Norfolk State,51.34020619,112,34.50184502,121,69.54314721,250,10.17142857,98,46.28571429,45,29.27170868,12,64.7834275,2,9.896907216,258,35.84656085,225,44.9339207,341,47.59124088,260,54.07166124,258,0.08512986245,247,0.0840788765,80,NULL,11.56084552,348,10.03691588,76
2022,North Alabama,42.82744283,352,29.24528302,347,75.0656168,63,8.273009307,196,50.05170631,191,33.66733467,179,69.45392491,68,11.12266112,320,39.79974969,124,34.03819918,64,35.45150502,357,45.85889571,59,0.08222951628,269,0.08771148404,113,NULL,8.277771306,98,10.68983712,33
2022,North Carolina,50.71428571,135,36.20689655,54,77.21943049,21,9.814528594,121,48.29984544,124,34.92063492,255,73.69614512,282,8.492063492,136,37.43793446,183,36.87804878,154,53.61842105,104,48.03149606,105,0.07669155215,301,0.09382932916,185,NULL,7.112177462,28,6.469510824,355
2022,North Carolina A&T,46.26998224,309,31.48788927,280,66.04166667,336,9.653725079,133,50.0524659,192,34.80916031,247,69.90131579,81,6.394316163,10,33.92018779,271,40.73383085,272,47.79516358,257,58.58156028,335,0.1081135698,66,0.09295746186,173,NULL,8.992624027,172,9.295746186,150
2022,North Carolina Central,48.26904055,232,31.04125737,296,66.72473868,327,6.042654028,318,51.42180095,246,32.8525641,130,71.36150235,165,12.16617211,342,33.48684211,279,42.50681199,314,45.66563467,291,53.99061033,256,0.1094064957,54,0.1057768963,300,NULL,13.17026062,356,11.19990667,22
2022,North Dakota,44.82029598,338,33.42210386,190,73.55679702,112,4.79148181,349,55.98935226,352,37.86885246,343,69.62264151,73,9.196617336,207,44.25456688,42,35.11801957,93,49.92592593,198,46.28770302,70,0.05667658921,354,0.09296949283,174,NULL,8.203190544,91,8.004325319,288
2022,North Dakota State,51.12714157,120,35.33950617,78,75.97955707,40,7.99689441,208,47.04968944,68,32.41042345,108,74.84536082,315,6.311992786,8,36.88104724,200,32.28180862,29,41.20603015,342,38.38509317,3,0.05278893768,357,0.08128562085,58,NULL,8.829300196,153,7.381108101,330
2022,North Florida,47.69820972,256,32.36842105,238,73.07692308,129,10.13071895,100,47.95751634,109,33.89513109,198,68.31683168,39,10.99744246,313,49.28664073,9,30.37542662,14,51.85783522,151,53.515625,242,0.07389846712,313,0.1219583094,355,NULL,9.405259452,208,9.301904953,149
2022,North Texas,49.58481613,187,35.83061889,63,65.16245487,345,8.2,200,47.7,93,27.72511848,3,68.75,49,8.896797153,179,42.14138641,81,29.67651195,9,48.90282132,230,39.56228956,6,0.1073086259,72,0.09084328115,145,NULL,9.53854452,221,9.084328115,175
2022,Northeastern,51.60289555,106,31.96347032,263,73.44064386,115,7.727272727,226,51.90909091,265,34.31677019,224,75.56053812,332,7.135470527,43,40.45566502,110,36.9266055,159,49.50634697,208,46.21212121,67,0.07092328668,326,0.1110316281,331,NULL,10.07599797,276,8.559707013,232
2022,Northern Arizona,45.42713568,325,34.26183844,134,67.57894737,306,6.394810009,296,52.17794254,275,36.29160063,313,74.09948542,297,9.648241206,242,41.91476941,86,36.9005848,157,50.85959885,170,45.32828283,52,0.06295262569,349,0.08901894726,127,NULL,11.55770862,347,7.475624301,325
2022,Northern Colorado,55.2,20,38.03827751,13,71.89655172,168,6.39127046,297,50.89633671,227,37.97856049,344,73.43234323,273,6.8,31,45.53376906,30,33.72933884,58,43.79310345,319,40.73251942,11,0.05879320368,353,0.08336349776,73,NULL,8.555727401,122,8.511851876,236
2022,Northern Illinois,46.94621696,283,31.81818182,271,67.52293578,308,7.861936721,217,51.77372963,262,32.33333333,103,72.45508982,227,12.67092069,347,33.39404979,281,36.5185636,141,48.84057971,231,54.22343324,266,0.09101526805,194,0.09343588688,182,NULL,10.50548573,307,10.60231048,38
2022,Northern Iowa,53.34773218,50,34.39767779,126,79.06137184,8,4.840613932,348,54.42739079,331,35.40372671,277,73.29842932,266,7.451403888,65,42.6625387,65,48.72881356,357,44.04924761,313,50.40214477,164,0.08252888511,267,0.0955334367,211,NULL,6.702345821,14,9.953483719,82
2022,Northern Kentucky,48.33659491,231,34.1127923,150,71.24463519,189,7.135777998,261,50.04955401,190,32.3838081,106,75.4176611,328,8.219178082,109,41.56660949,94,39.79713604,248,52.96495957,122,56.72676838,319,0.1304662658,9,0.09520511287,206,NULL,10.42722665,302,8.009319019,287
2022,Northwestern,47.25370532,270,34.57814661,113,71.91489362,167,10.17293998,97,47.7110885,94,36.77325581,322,72.46127367,228,9.503051439,235,38.6631016,151,41.17295033,284,58.83838384,29,61.08033241,349,0.0931182064,169,0.07258444807,13,NULL,6.828668469,18,10.02811454,78
2022,Northwestern State,48.38160136,229,34.36988543,129,70.1793722,227,8.080808081,203,54.37710438,330,33.96825397,204,74.19354839,299,8.262350937,119,34.22969188,261,34.65346535,83,53.34190231,110,48.48837209,119,0.08113780529,276,0.1139681311,343,NULL,8.723486581,142,8.957988908,196
2022,Notre Dame,52.03252033,87,37.71812081,18,75.94142259,43,4.842820731,347,49.87255735,179,31.72628305,76,69.30455635,64,9.146341463,202,43.08849046,56,35.32967033,100,55.3593947,73,44.12136536,39,0.07621128,304,0.0902885228,141,NULL,6.456114802,9,7.3298747,333
2022,Oakland,52.48015873,71,29.65517241,337,78.81355932,10,6.807286673,280,52.92425695,299,30.98958333,43,70.51282051,112,9.424603175,230,41.83496826,88,42.40750966,312,51.20967742,162,63.41772152,352,0.1247431403,15,0.08944760063,131,NULL,9.089810226,180,8.026109029,285
2022,Ohio,50.43646945,149,34.14071511,147,73.22970639,122,7.464028777,242,51.61870504,255,31.01920236,45,75.5511022,330,10.1842871,277,45.6796628,27,37.84237004,186,49.75490196,202,45.15306122,51,0.10662311,76,0.08212248046,64,NULL,7.168702714,31,9.936366421,84
2022,Ohio State,53.99393327,37,37.32718894,24,75.95628415,42,12.6984127,37,46.20811287,41,33.98058252,205,73.4375,274,7.785642063,77,39.69512195,127,35.2739726,99,49.29214929,213,47.41144414,86,0.06725706231,341,0.09203598,155,NULL,7.433675308,41,8.546198143,233
2022,Oklahoma,56.82031985,7,34.41295547,124,74.6031746,83,5.370219691,339,50.28478438,204,31.1627907,51,73.84305835,287,8.936970837,185,41.07538803,104,34.41835646,75,54.9476135,79,44.44444444,45,0.111221189,47,0.1151620972,346,NULL,10.46530085,304,9.326816239,145
2022,Oklahoma State,49.79009236,177,29.48717949,343,66.66666667,328,15.74879227,7,43.67149758,10,32.42074928,110,72.54174397,231,8.648194794,148,31.43350604,313,40.13880856,258,50.39787798,184,50.96011817,183,0.1209772695,25,0.1167241624,348,NULL,9.734889655,251,10.68002457,35
2022,Old Dominion,48.14241486,237,29.03930131,350,67.22129784,318,10.52083333,86,48.4375,130,34.22391858,217,67.83625731,24,6.578947368,18,26.17142857,354,45.01718213,342,49.66887417,206,54.90463215,285,0.09914166758,118,0.08546695481,93,NULL,9.865328498,262,7.228062464,340
2022,Oral Roberts,52.27963526,75,37.23404255,26,72.20902613,161,9.789029536,123,50.80168776,223,34.37990581,228,70.3539823,103,10.13171226,271,46.15384615,18,34.96158068,89,38.02647413,356,39.82947625,7,0.06515823703,344,0.07157533613,9,NULL,6.120925296,4,6.170287597,357
2022,Oregon,51.79282869,96,33.81294964,171,67.8141136,300,8.925619835,162,50.08264463,193,32.50688705,115,70.58823529,120,7.171314741,45,35.64102564,232,37.5,180,44.63276836,304,49.88123515,147,0.09825746526,126,0.08202743752,62,NULL,8.90458279,161,9.474827008,132
2022,Oregon State,49.79887369,176,31.88405797,267,70.90909091,198,8.45323741,187,55.84532374,349,35.85926928,292,71.56133829,171,7.481898632,66,30.75208914,327,39.92436521,251,47.29559748,266,52.48306998,222,0.08659680411,236,0.0978309841,238,NULL,8.425634994,113,8.846916744,211
2022,Pacific,45.77861163,318,31.37996219,285,68.34951456,290,7.317073171,250,52.10643016,271,39.18918919,353,76.8707483,353,6.097560976,5,33.1661442,286,42.4744898,313,49.08256881,222,49.11080711,133,0.09036995199,201,0.07650637981,30,NULL,9.704500526,243,9.704500526,104
2022,Pennsylvania,51.99203187,88,33.48148148,187,72.83950617,141,6.101048618,314,52.1448999,274,34.6749226,239,70.96114519,138,8.964143426,186,40.20250149,112,38.1120944,198,46.92513369,273,44.22827497,40,0.07900170572,285,0.08413168661,81,NULL,8.567068088,125,7.438472292,328
2022,Penn State,49.9491353,170,34.1563786,145,73.45844504,114,6.197964847,308,45.60592044,29,35.15151515,265,72.86652079,248,9.96948118,267,42.5817757,69,37.90924756,189,49.72972973,203,55.17241379,293,0.08318011792,263,0.09433842642,191,NULL,9.129525138,183,5.426995499,358
2022,Pepperdine,45.55189456,320,34.05238829,155,71.30044843,186,6.26566416,304,54.63659148,335,32.89665211,134,71.66947723,176,6.919275124,35,34.83628556,245,36.46496815,137,57.75193798,36,54.20454545,265,0.07808774774,293,0.1032194367,284,NULL,10.05267557,274,10.18730962,63
2022,Pittsburgh,46.48798521,304,31.38686131,284,69.62616822,245,12.36180905,42,49.54773869,166,36.84913218,323,70.95516569,137,9.057301294,194,33.6196319,276,42.94724771,329,52.14814815,147,60.33810143,345,0.08370593424,254,0.1026857682,278,NULL,10.90123795,334,8.175928461,272
2022,Portland,48.25636192,234,34.45635528,123,80.24475524,3,6.757990868,282,48.40182648,129,34.57446809,236,73.20675105,261,7.822808671,81,38.09801634,166,40.71467244,271,55.35956581,72,48.10126582,107,0.06560680436,343,0.08622608573,98,NULL,9.653572642,238,10.68453671,34
2022,Portland State,48.41201717,228,29.71619366,334,74.19354839,94,8.937437934,161,51.24131082,237,36.71096346,320,69.40063091,67,8.154506438,103,33.9569161,270,37.41454319,175,41.10512129,343,48.98236092,130,0.1240990883,18,0.08066440743,54,NULL,8.925588277,165,10.93026586,27
2022,Prairie View,46.7124632,294,34.54545455,116,70.32590051,223,8.225966303,197,49.55401388,167,35.7400722,290,66.61911555,9,10.50049068,297,32.69484808,292,35.44465771,103,47.75888717,258,49.14040115,134,0.1165424057,35,0.1195959185,352,NULL,12.06137561,351,8.956970915,197
2022,Presbyterian,49.02143523,206,26.12903226,357,68.9453125,275,8.524590164,182,50.92896175,229,38.42105263,349,73.17880795,260,9.412861137,228,36.62138216,203,38.38383838,213,50.72674419,173,53.86861314,250,0.1086542611,61,0.09951511767,255,NULL,9.596100632,230,10.35769592,50
2022,Princeton,55.91623037,12,38.38254172,8,63.95663957,352,4.017094017,356,51.62393162,256,33.64661654,175,73.44173442,275,8.795811518,169,44.92502884,35,31.2573443,21,49.21968788,218,40.10217114,8,0.08203971235,270,0.07998871954,50,NULL,6.460627347,10,7.332299291,332
2022,Providence,49.56605593,188,34.27230047,133,72.6006192,149,9.851787271,117,46.64341761,53,31.22102009,57,70.91295117,134,9.932497589,260,38.12649165,165,36.06465998,123,54.02455662,87,46.26865672,68,0.07476033989,308,0.08961338755,132,NULL,8.367216848,107,8.317706689,251
2022,Purdue,55.90219224,13,39.07894737,4,70.25495751,224,9.891936825,113,49.21030756,158,33.45280765,167,72.01834862,190,6.745362563,25,39.05447071,143,41.02941176,280,58.85416667,28,53.21100917,235,0.06856718602,334,0.08734673378,111,NULL,8.55997991,123,7.29345227,335
2022,Purdue-Fort Wayne,52.10970464,81,36.52058433,44,74.94505495,68,7.135777998,261,53.2210109,305,34.8733234,251,72.19730942,205,9.388185654,224,44.2680776,41,39.94047619,253,53.44603381,107,50.32425422,160,0.1216320155,21,0.08776584645,115,NULL,10.636839,319,9.587464748,114
2022,Quinnipiac,49.24623116,199,33.9869281,162,76.42105263,30,5.575221239,334,47.61061947,88,37.06505295,328,72.33606557,219,11.75879397,336,43.46590909,47,36.906756,158,56.13333333,56,47.76500639,95,0.09000282763,206,0.1005913956,263,NULL,8.615243928,130,8.230205093,261
2022,Radford,47.73755656,254,29.81878089,330,67.95180723,297,4.592422503,352,51.32032147,243,35.3515625,276,72.72727273,239,10.18099548,276,40.71093226,106,37.02096891,162,46.60033167,280,48.72611465,122,0.0975554741,132,0.1037584233,286,NULL,10.20667099,284,10.43223278,46
2022,Rhode Island,50.51813472,143,33.75796178,173,61.9047619,357,18.32139202,2,44.52405322,15,32.57467994,119,73.40619308,271,7.426597582,62,28.91344383,344,41.8452381,301,53.89784946,91,57.37951807,327,0.1089016023,59,0.1069394112,309,NULL,10.10528381,279,8.38836666,248
2022,Rice,51.75257732,98,36.51452282,45,71.58671587,177,4.207119741,355,51.61812298,254,33.43328336,166,71.67919799,178,10.51546392,298,42.70525694,64,35.04992118,90,59.0078329,24,48.7804878,124,0.07166950258,321,0.100529705,262,NULL,8.225157679,93,7.166950258,342
2022,Richmond,52.15517241,78,33.72921615,175,72.49190939,151,6.139677667,311,49.96162701,184,34.25414365,220,72.26890756,213,9.396551724,227,42.05794206,84,35.71780957,112,57.70528684,38,48.60956618,120,0.1156032915,38,0.07903061385,43,NULL,6.515821887,12,7.566760901,317
2022,Rider,44.91404011,337,31.60813309,278,73.62428843,110,7.759456838,224,47.2356935,75,34.45273632,232,69.50819672,71,9.025787966,192,27.92978833,351,43.8147139,334,50.50125313,178,55.10471204,290,0.0990485236,119,0.08728933815,109,NULL,8.683706179,136,8.457567997,243
2022,Robert Morris,51.61839864,105,32.90676417,220,76.08247423,36,9.906858594,111,51.90516511,264,36.87405159,324,72.18045113,203,9.284497445,215,31.7838466,307,35.81521739,116,48.21882952,249,54.43925234,272,0.08623395699,238,0.1061341009,301,NULL,10.18697844,283,8.291726634,256
2022,Rutgers,49.14285714,203,33.57142857,181,70.06237006,230,11.76470588,52,46.48023144,49,33.95415473,203,73,255,8,93,31.37254902,315,40.23054755,263,58.73417722,31,52.8511822,230,0.1090030961,57,0.08710515271,105,NULL,8.613191078,129,7.153328183,343
2022,SIU Edwardsville,48.06480648,240,29.41176471,345,69.43972835,256,10.88631985,76,48.65125241,136,33.04473304,146,73.07692308,257,9.810981098,249,34.87690504,244,40.03466205,257,50.21156559,188,57.08446866,323,0.09795280993,128,0.1116756674,333,NULL,10.31580317,294,9.369399211,141
2022,SMU,50.34550839,153,36.31508678,49,74.20886076,93,10.46511628,91,44.57364341,16,30.26113671,31,69.30894309,65,12.53701876,345,42.50851305,71,33.53941267,51,55.37084399,71,52.33160622,214,0.09034260696,202,0.1019249925,272,NULL,7.459056267,44,8.107669856,280
2022,Sacramento State,46.875,287,35.08064516,88,68.88361045,276,7.790821772,221,53.36179296,311,34.24908425,219,72.4,222,7.963709677,90,33.33333333,283,36.81726231,151,44.1314554,312,52.83842795,229,0.08694501146,234,0.08081427347,56,NULL,8.583033183,127,8.973171055,194
2022,Sacred Heart,50.47348485,148,34.22619048,138,73.08584687,128,5.626134301,332,53.62976407,317,35.03649635,259,66.44736842,8,10.03787879,270,38.88888889,146,38.33240067,211,53.21100917,115,52.70758123,227,0.07678260924,300,0.1032077929,283,NULL,9.32360255,200,8.226708133,262
2022,Saint Joseph's,49.02763562,205,33.62609787,179,65.35626536,344,5.934242181,321,47.63432237,90,31.80212014,79,70.49180328,110,11.0542477,317,44.92671928,34,31.21897408,20,54.35073628,84,45.99483204,60,0.07146090473,322,0.1004315418,261,NULL,9.512025832,220,6.518393337,354
2022,Saint Louis,49.15129151,202,36.34840871,48,76.13104524,35,8.099438653,202,47.87489976,104,31.66666667,71,67.14513557,15,11.58671587,334,30.58401639,328,34.60933403,82,53.79388448,96,47.51861042,89,0.09058641639,199,0.09973216036,259,NULL,8.840885831,157,8.710232345,221
2022,Saint Mary's,52.54237288,68,35.12658228,86,76.65847666,26,6.587837838,288,46.95945946,66,34.44676409,231,71.42857143,167,8.920606601,182,36.05248146,218,28.80336741,4,51.41800247,160,35.9223301,1,0.1052586276,83,0.09247019619,159,NULL,7.771431382,53,8.951901972,198
2022,Saint Peter's,45.91651543,317,34.79166667,101,68.46543002,286,14.6090535,13,44.03292181,11,29.42238267,15,73.48242812,276,13.15789474,352,30.34134008,334,36.30406291,130,51.56017831,156,51.60744501,198,0.108633688,62,0.1050467266,292,NULL,10.29970344,293,10.04349191,75
2022,Sam Houston State,46.79802956,292,33.60215054,180,60.45454545,358,7.991120977,209,49.05660377,150,31.94650817,82,73.26007326,264,7.389162562,58,42.29675952,76,42.75730623,322,53.10344828,116,55.55555556,301,0.1077447858,69,0.08710209322,104,NULL,9.717169937,246,10.06960615,70
2022,Samford,53.54166667,44,33.28804348,197,72.81947262,143,9.38547486,147,52.84916201,292,34.45692884,233,70.58823529,120,6.458333333,15,43.39622642,48,47.22877358,354,45.98155468,287,59.54606142,342,0.09529511242,146,0.1101078242,326,NULL,8.3444943,101,8.245742888,258
2022,San Diego,46.17940199,312,32.09606987,258,71.15839243,192,8.373590982,190,48.95330113,149,33.19415449,151,73.52941176,278,7.225913621,49,27.55716005,352,27.83265543,3,39.11806543,355,48.89178618,129,0.07048503151,328,0.08785090884,117,NULL,9.70446086,242,8.938319213,199
2022,San Diego State,46.59284497,299,35.75525813,66,69.49152542,254,14.35594887,16,43.06784661,6,30.36565978,33,67.26190476,19,8.262350937,119,30.81909252,325,38.21385176,203,49.72752044,204,51.03338633,186,0.1138475694,43,0.08734856617,112,NULL,10.55052906,311,10.35424015,51
2022,San Francisco,53.91061453,40,34.69150175,107,69.21675774,268,11.54752553,58,48.38963079,128,28.9048474,9,71.01694915,143,9.031657356,193,44.43869633,38,30.43715847,15,46.97833523,272,43.24324324,28,0.1092672569,56,0.08537886873,92,NULL,9.599593013,231,7.564656245,318
2022,San Jose State,48.23399558,236,34.46866485,122,65.58265583,340,8.369659983,191,53.35658239,310,35.81081081,291,72.28144989,216,8.609271523,146,44.75609756,36,34.04255319,66,53.76811594,99,52.66990291,225,0.07721325747,297,0.0933624355,181,NULL,10.69883045,323,8.024122835,286
2022,Santa Clara,53.45345345,48,37.83783784,16,76.15526802,34,8.775654636,171,46.70912951,55,34.79532164,246,76.17977528,346,7.807807808,79,32.0754717,302,32.61802575,35,52.52631579,136,49.66592428,144,0.08352146862,257,0.07673799909,32,NULL,8.479336916,114,8.140163439,275
2022,Seattle,47.12871287,274,33.21513002,203,76.82242991,23,10.3286385,92,46.00938967,34,31.39158576,63,67.74193548,23,10.1980198,279,45.58189655,29,36.7201426,144,51.78335535,152,51.02339181,185,0.09640054658,142,0.07933442111,44,NULL,8.348564082,102,10.88542057,29
2022,Seton Hall,46.23287671,311,33.33333333,194,75.62724014,51,14.07725322,18,44.80686695,17,30.97199341,41,77.28194726,354,11.04452055,316,35.57639272,233,34.25507901,72,39.86754967,352,48.16901408,108,0.1030173691,95,0.09286072705,171,NULL,8.173678579,89,8.173678579,273
2022,Siena,46.26168224,310,35.57168784,73,73.34754797,118,9.797297297,122,48.73310811,140,33.26732673,158,70.58823529,120,8.411214953,131,33.99136336,269,29.89934873,11,42.11287988,338,44.29530201,42,0.09118656518,191,0.106384326,305,NULL,7.801517243,56,8.206790866,269
2022,South Alabama,51.87165775,92,34.20523139,140,71.17117117,191,13.96648045,20,46.70391061,54,32.1942446,92,71.07623318,147,6.737967914,24,34.70670391,247,38.3184011,208,44.42748092,309,54.77386935,283,0.09557192932,145,0.08469847629,85,NULL,10.93068174,335,11.21682524,20
2022,South Carolina,47.40802676,265,31.33858268,286,67.10280374,321,13.36946703,27,46.88346883,60,31.97389886,83,70.06993007,90,8.277591973,124,34.68050246,248,35.63953488,109,52.74151436,133,55.38461538,297,0.1077658166,68,0.1165160325,347,NULL,9.717345,247,10.73052789,31
2022,South Carolina State,42.06151288,356,30.57432432,316,69.45898778,255,9.871668312,116,47.68015795,92,35.68075117,289,70.06472492,89,9.143807149,201,32.98050139,288,38.68038741,221,46.28820961,284,55.83684951,306,0.08409974229,253,0.09226943155,158,NULL,11.00505199,338,12.20647688,6
2022,South Dakota,50,162,37.34061931,23,75.44483986,54,6.009852217,320,51.72413793,261,36.21262458,309,72.15189873,200,6.102003643,6,33.33333333,283,37.22943723,172,43.63395225,322,38.49259758,4,0.0615208618,351,0.07016428867,7,NULL,8.13498999,86,9.406082176,137
2022,South Dakota State,56.2601626,9,44.16796267,1,76.02427921,38,6.292517007,303,50.5952381,216,35.21634615,270,74.06542056,296,7.073170732,40,34.32995195,257,41.43426295,293,47.33606557,265,43.69369369,32,0.07962883391,282,0.06570466623,4,NULL,8.702604798,139,7.875857343,301
2022,South Florida,42.7996782,353,25.2285192,358,66.59340659,332,11.90965092,50,46.61190965,51,33.81294964,192,71.25,157,9.251810137,214,30.55865922,330,41.64170162,298,50.59701493,176,59.5065312,341,0.09458176361,153,0.08576066648,94,NULL,10.48730436,305,9.458176361,133
2022,Southeast Missouri State,50.55499495,141,35.27080581,82,73.01092044,132,6.839186691,278,52.8650647,294,34.58083832,237,73.34293948,268,8.678102926,151,43.30663616,51,38.17142857,200,53.25520833,113,48.81693649,126,0.08527953692,245,0.08894747399,125,NULL,8.940596613,167,9.674184027,107
2022,Southeastern Louisiana,52.13675214,79,34.54545455,116,76.24223602,33,9.745390694,127,55.2238806,341,34.17910448,214,72.2334004,207,8.760683761,162,43.30708661,50,37.03703704,163,55.91836735,61,48.36829837,114,0.09953110053,117,0.1032869911,285,NULL,9.577520995,227,9.812264156,95
2022,Southern,47.4977252,264,35.03521127,91,70.17857143,228,7.574206755,235,52.91709314,297,28.38589981,7,70.56277056,116,10.64604186,303,34.07318536,266,35.55408971,106,52.42718447,139,49.55223881,142,0.1374611738,4,0.09372352761,184,NULL,11.05456992,339,11.48714005,15
2022,Southern Illinois,50.60908084,138,35.13097072,85,69.02654867,274,6.034482759,319,50.19157088,199,32.44897959,113,75.94339623,343,11.40642303,329,41.81701031,89,31.94263364,24,51.09489051,164,46.55929722,73,0.087554058,230,0.09179910323,152,NULL,8.861531931,159,9.975856305,80
2022,Southern Miss,47.00082169,281,30.90211132,304,68.6825054,280,7.969639469,210,52.46679317,283,37.4201788,336,71.51162791,169,7.230895645,50,29.97698504,339,42.62384322,320,50.06821282,193,57.09219858,324,0.06765987899,339,0.1031458295,281,NULL,9.368290937,205,8.989774132,192
2022,Southern Utah,53.08880309,58,33.67346939,177,70.51926298,215,6.967615309,273,52.50245339,284,33.87334315,195,76.21052632,347,9.845559846,254,39.83739837,123,39.98822144,255,40.71702945,348,46.79738562,79,0.08852982439,219,0.07643558609,29,NULL,9.433505878,211,8.852982439,209
2022,State Bonaventure,51.16666667,118,32.48175182,235,75,66,15.52270327,9,49.10242872,152,34.12073491,209,71.68367347,179,7.166666667,44,31.35011442,317,44.58747806,338,52.27272727,143,58.89655172,337,0.09617301176,143,0.07972892167,48,NULL,7.823400439,59,9.617301176,111
2022,State Francis (NY),45.40540541,326,31.31782946,287,70.90464548,199,6.063268893,317,52.72407733,288,33.26653307,157,69.24528302,61,10.27027027,286,36.75213675,202,30.4825901,16,47.16713881,268,50.26109661,157,0.09696908479,136,0.09040346968,144,NULL,8.838328041,156,9.191861162,161
2022,St. Francis PA,46.72268908,293,31.49171271,279,64.53488372,349,6.950880445,275,51.43651529,248,35.89364845,293,69.48775056,69,8.907563025,180,31.33294864,318,38.55353075,215,50.06877579,192,54.01002506,257,0.09325811177,167,0.09874388305,247,NULL,8.178786273,90,8.926845993,202
2022,St. John's (NY),51.00346021,125,33.52601156,183,67.68402154,304,14.54696592,14,47.54779717,87,34.13654618,211,71.60493827,172,9.065743945,195,32.38184371,299,38.30769231,207,61.91950464,9,50.54413543,169,0.1182523308,32,0.08189914079,61,NULL,7.730276044,52,9.443472356,135
2022,St. Thomas (MN),52.48756219,70,34.375,127,77.10526316,22,3.240223464,357,57.98882682,358,40.10067114,357,73.76033058,284,10.5721393,301,49.87531172,5,39.97317237,254,44.47632712,306,47.62532982,93,0.07132194394,324,0.05197102892,1,NULL,7.408636037,39,9.011997567,187
2022,Stanford,49.17582418,200,33.86627907,169,65.85365854,338,7.607699358,231,52.8872594,295,32.71428571,126,68.78612717,50,10.71428571,305,38.65168539,152,39.08431044,229,54.41558442,83,49.00744417,131,0.08293148834,265,0.1071586647,310,NULL,11.60109022,349,8.106785939,281
2022,Stephen F. Austin,52.67605634,64,32.2851153,245,67.66256591,305,11.97339246,47,50.11086475,197,31.0880829,48,72.07207207,196,8.732394366,159,30.93385214,324,39.09520594,232,53.84615385,94,54.43037975,271,0.1215789611,22,0.0960108534,220,NULL,12.73187404,353,12.1057163,8
2022,Stetson,46.49610679,303,34.87603306,97,69.87012987,235,8.202247191,199,53.48314607,315,34.90566038,254,69.19315403,60,8.787541713,167,40.22606383,111,41.67758847,299,55.00794913,77,55.3008596,296,0.0910594856,193,0.09501859367,204,NULL,10.01088755,268,7.013277152,346
2022,Stony Brook,49.86020503,174,34.0306834,157,75.15151515,61,7.95559667,211,54.11655874,327,33.64993216,176,68.36027714,40,8.108108108,101,40.05586592,117,40.53905391,268,41.59178434,339,50.78031212,177,0.09515025001,147,0.08592650129,96,NULL,6.990630613,25,7.913005486,293
2022,Syracuse,49.83792545,175,37.68844221,19,73.69337979,106,11.50608045,60,51.63704397,258,33.03747535,144,75.10204082,322,8.995137763,190,39.21182266,135,48.67978877,356,52.24043716,144,70.34949267,358,0.1003824092,111,0.09256040327,162,NULL,6.127237963,5,6.692160612,351
2022,TCU,50.48,146,30.37542662,320,66.84118674,324,11.35407906,66,47.93944491,107,31.52866242,68,71.19341564,152,8.56,143,31.91721133,305,34.5624656,79,53.89369592,92,54.16666667,262,0.09324928526,168,0.1043835283,290,NULL,11.13424302,341,9.046572451,180
2022,Tarleton State,46.30350195,307,30.91684435,303,75.44554455,53,7.274969174,251,54.62392109,334,33.00492611,140,69.96047431,83,14.0077821,356,31.32932532,319,42.88732394,325,46.85990338,274,59.31677019,339,0.1150493019,41,0.07486461752,23,NULL,10.78931253,331,13.15635558,3
2022,Temple,44.68503937,339,31.05095541,295,67.94478528,298,12.5,40,46.26865672,43,29.44983819,16,72.57462687,232,9.940944882,261,38.19951338,161,36.56804734,142,52.69645609,134,56.34218289,314,0.09983954359,115,0.09576446018,215,NULL,8.965183506,169,7.233273056,339
2022,Tennessee,47.92196777,247,35.8560794,61,71.20954003,190,13.25411335,29,45.7952468,32,31.17977528,52,70.57793345,119,7.80322307,78,40.60453401,107,39.42414175,239,62.29508197,6,51.31396957,192,0.1340033501,7,0.09590435839,219,NULL,8.364261394,106,9.546643895,122
2022,Tennessee-Martin,47.0260223,278,29.70779221,335,69.43820225,257,11.56530409,57,51.24626122,238,33.38607595,164,71.71052632,180,13.10408922,351,36.40661939,206,38.65443425,218,43.5413643,323,55.17241379,293,0.09254609825,173,0.09813954375,240,NULL,9.610556357,233,9.203760321,158
2022,Tennessee State,47.68041237,257,34.64285714,109,70.66666667,209,9.259259259,154,49.80506823,175,33.70429253,184,71.91358025,184,10.2233677,281,32.48259861,295,38.0060423,193,47.26301736,267,54.77178423,281,0.09367850259,165,0.09848252836,243,NULL,9.992373609,267,10.37669567,48
2022,Tennessee Tech,49.15526951,201,32.88590604,223,66.06334842,335,9.558160505,137,53.38142471,313,32.43243243,111,73.36343115,269,7.96460177,91,32.40891789,297,40.02163332,256,55.39033457,69,62.37980769,351,0.1003223803,112,0.09606341132,221,NULL,9.464375499,214,8.139362929,276
2022,Texas,50.84294587,131,32.33438486,242,74.86818981,70,10.14897579,99,46.08938547,37,31.80147059,78,66.94630872,12,9.316770186,218,36.00227144,221,33.62175525,54,53.59897172,105,43.86227545,37,0.1193128642,30,0.09129607825,147,NULL,9.032998219,175,11.35162878,18
2022,Texas A&M,49.7342445,179,33.09659091,209,70.5801105,210,9.885620915,115,47.87581699,105,31.69398907,73,72.91981846,252,12.45254366,344,34.83424048,246,37.42331288,178,53.04054054,119,63.93643032,354,0.1414219276,3,0.1072997765,313,NULL,8.551093296,121,9.78442406,98
2022,Texas A&M-Corpus Chris,46.91164973,285,31.78694158,273,74.25742574,91,5.18819939,340,50.2543235,202,31.47632312,67,75.38247566,327,10.24237686,282,31.27350887,321,42.21046443,308,53.88535032,93,53.33333333,237,0.1138812286,42,0.0897652037,133,NULL,10.67357397,321,11.20948564,21
2022,Texas Southern,49.07033145,204,31.66368515,276,67.54966887,307,13.6130137,25,44.94863014,18,29.78395062,20,65,4,6.224737268,7,31.1247216,322,35.68281938,110,42.21938776,336,47.77158774,96,0.07949346028,284,0.1150806489,345,NULL,9.844248278,259,9.243425614,154
2022,Texas State,48.87063655,215,37.23653396,25,75.05422993,64,9.777227723,124,49.5049505,165,35.08442777,260,72.88503254,249,7.392197125,59,30.47822984,331,39.74645787,247,46.77165354,276,55.19591141,295,0.09659402362,139,0.08651980029,100,NULL,10.13348346,280,12.32610853,5
2022,Texas Tech,55.12195122,21,31.42414861,282,69.86706056,236,11.93124368,49,44.28715875,13,31.31801693,62,68.26758148,36,7.317073171,53,34.43496802,256,45.53964758,344,52.32690125,142,53.80200861,249,0.1198405001,28,0.1025972626,276,NULL,10.0441858,273,11.63918526,11
2022,The Citadel,51.72824791,101,34.78787879,102,68,296,8.807829181,169,50.88967972,226,33.00423131,139,74.27385892,302,9.415971395,229,49.57932692,7,38.67975996,220,58.94590846,25,49.50372208,141,0.06258614909,350,0.09636280098,223,NULL,7.599746675,46,7.550075128,320
2022,Toledo,53.3773862,49,35.85209003,62,75.96491228,41,7.319148936,249,47.06382979,69,31.18405627,53,67.22689076,18,11.01321586,315,31.35080645,316,42.06114398,304,51.15789474,163,49.20634921,136,0.0765320311,302,0.07252744808,12,NULL,7.564212376,45,7.697698477,308
2022,Towson,50.77452668,133,35.94405594,57,72.11838006,163,8.476190476,184,48.0952381,114,31.4439946,65,72.04301075,193,8.51979346,138,38.09270112,167,41.37353434,291,52.53837072,135,45.52845528,54,0.1082072444,64,0.07152682256,8,NULL,10.82072444,332,8.43649702,244
2022,Troy,46.85165422,289,32.16,252,72.42647059,154,6.101344364,313,47.77662875,99,32.92682927,135,70.37735849,104,11.41942369,330,40.0128041,119,37.24853991,173,56.71875,47,51.15207373,189,0.1062735241,80,0.1140877538,344,NULL,10.52316268,308,9.741739708,101
2022,Tulane,49.01960784,207,36.50546022,46,75.63176895,50,9.968520462,106,48.26862539,122,34.13705584,212,71.16935484,149,12.45098039,343,38.59121011,155,45.26134406,343,53.40599455,109,65.29492455,356,0.1130012897,45,0.07369649328,19,NULL,7.615304305,48,9.040103175,181
2022,Tulsa,48.5428051,226,34.24878837,136,72.60787992,148,7.261410788,254,50.41493776,207,36.24678663,311,69.10891089,56,10.92896175,311,36.05125218,219,44.66130884,339,48.99328859,227,54.6875,280,0.1011008493,106,0.1063715097,304,NULL,8.385141529,109,9.966339646,81
2022,UAB,50.59612519,139,38.40245776,7,73.93526405,100,11.45833333,62,47.48263889,85,32.4005891,107,71.05719237,144,8.792846498,168,32.66432514,293,37.0835609,166,44.56404736,305,46.02346806,61,0.127756118,12,0.0779752858,38,NULL,8.546443754,120,8.590497588,229
2022,UC Davis,48.66434379,221,32.32323232,244,71.62162162,175,7.711442786,228,45.39800995,25,33.8902148,196,70.50997783,111,6.039488966,4,31.50357995,310,34.26001635,73,43.87568556,315,47.53451677,91,0.08591480116,241,0.08325077631,71,NULL,9.590489431,229,10.65609937,36
2022,UC Irvine,47.35062007,267,32.11267606,257,78.04878049,14,9.534883721,139,46.04651163,35,26.60098522,1,74.93670886,317,6.989853439,37,28.58293076,346,32.06951027,26,43.82022472,317,48.01587302,104,0.08422741402,252,0.09291754404,172,NULL,11.29716902,343,8.823824326,216
2022,UC Riverside,52.1945433,77,32.26381462,247,72.94429708,136,3.213242454,358,47.80915287,101,30.1843318,29,72.33009709,218,7.947805457,89,39.95726496,120,29.70568104,10,53.62318841,103,48.39228296,115,0.07779898542,295,0.07779898542,36,NULL,10.56672787,313,8.360487985,249
2022,UC San Diego,50.32092426,154,35.96358118,56,74.68085106,80,4.528650647,353,54.25138632,329,32.88201161,133,71.22507123,154,8.857509628,173,45.82753825,24,32.33270794,30,56.59777424,49,46.76354029,77,0.07869795589,288,0.0928093135,170,NULL,9.606578064,232,9.28093135,152
2022,UC Santa Barbara,55.0204918,23,33.41288783,191,70.52023121,214,6.900102987,277,48.19773429,119,31.98294243,84,73.97260274,293,6.762295082,28,30.03584229,336,32.56944444,34,57.01624815,43,50.97087379,184,0.09416263028,157,0.09302126506,175,NULL,9.986945635,266,10.0440139,74
2022,UCF,47.88732394,248,35.0132626,93,70.34068136,220,11.03379722,71,50.09940358,195,31.21468927,56,73.7254902,283,9.959758551,264,43.13501144,54,41.30688448,287,58.78378378,30,54.89655172,284,0.1024071783,98,0.1043577912,289,NULL,8.631462167,132,10.43577912,45
2022,UCLA,49.55882353,189,35.14376997,84,73.64864865,108,9.575429088,135,47.33514002,78,32.24368499,96,72.25433526,211,7.867647059,85,31.52064451,309,37.80898876,184,50,194,51.14709852,188,0.102746177,97,0.06621420295,5,NULL,6.758415197,16,9.49831325,129
2022,UMBC,48.90873016,211,38.31775701,9,78.20512821,13,5.123966942,342,52.72727273,289,35.24355301,271,65.6,6,7.44047619,64,42.62948207,67,36.58280922,143,48.97435897,228,46.15384615,64,0.06803558965,336,0.08305034047,70,NULL,7.88274418,61,9.759588033,99
2022,UMKC,51.74825175,99,35.58994197,72,66.875,323,7.574094402,236,52.90889133,296,33.47107438,169,75.16129032,324,9.390609391,225,34.05797101,267,34.6953405,87,45.01424501,300,47.82608696,99,0.09187947575,180,0.07242264559,11,NULL,8.377246318,108,11.83623835,9
2022,UMass Lowell,49.28698752,198,30.24574669,322,69.40639269,258,10.90909091,74,45.55023923,28,36.95238095,327,72.01565558,189,9.714795009,244,32.04118716,303,33.43949045,49,43.75876578,320,44.62686567,47,0.09956049282,116,0.09012844614,140,NULL,9.27484591,193,9.641647726,110
2022,UNC Asheville,50,162,33.21858864,202,73.29842932,119,11.68599465,54,52.36396075,276,28.31683168,6,68.21192053,34,9.39524838,226,38.55341739,156,31.05781058,18,48.01829268,254,46.84931507,80,0.08942472753,214,0.09740907821,234,NULL,8.516640718,117,10.06028185,72
2022,UNC Greensboro,48.73353597,218,34.22291994,139,72.1719457,162,6.226650062,306,48.81693649,145,34.68869123,243,75.93818985,342,8.20668693,107,39.22413793,134,49.49685535,358,51.21602289,161,56.84210526,320,0.1007274032,110,0.1075121506,315,NULL,9.550836677,222,8.611410118,227
2022,UNC Wilmington,46.84115523,291,32.25308642,248,72.35494881,156,10.57268722,84,48.72246696,138,36.41618497,317,67.37588652,20,7.761732852,75,36.90205011,198,31.37847642,22,42.17032967,337,40.70080863,10,0.1103073023,52,0.06529400853,3,NULL,8.854263278,158,9.200519384,159
2022,UNLV,48.56577646,224,33.24503311,201,73.80073801,104,8.55721393,180,48.75621891,141,31.94444444,81,72.18045113,203,8.803165183,170,42.75198188,61,41.73913043,300,56.06469003,59,53.33333333,237,0.09105990337,192,0.0774977901,35,NULL,9.202862575,187,8.088831842,282
2022,USC,50.0753012,161,35.41666667,76,66.55629139,333,11.24620061,68,41.64133739,2,33.66906475,180,71.26654064,161,8.28313253,125,31.96721311,304,34.55992044,78,52.82167043,131,50,148,0.07534258026,305,0.09451258589,194,NULL,8.247560561,96,7.177606759,341
2022,USC Upstate,49.45273632,191,36.27760252,50,75.2688172,60,9.939148073,108,52.43407708,281,33.04597701,147,70.89201878,133,10.24875622,284,38.68212325,150,41.37931034,292,52.95735901,123,55.15394913,291,0.0881469444,222,0.09257891368,163,NULL,9.405623677,209,9.110159058,172
2022,UT Arlington,45.25904203,329,30.98330241,299,69.39655172,259,12.04690832,46,46.80170576,59,35.54817276,284,70.68273092,124,8.308895406,128,34.50704225,254,39.09090909,230,55.71428571,65,65.08422665,355,0.1126470708,46,0.09856618692,246,NULL,10.39819115,299,8.990102763,191
2022,UT Rio Grande Valley,51.89620758,90,30.31301483,321,69.21921922,267,8.325624422,193,53.74653099,322,32.72980501,127,69.26677067,63,9.081836327,198,37.72529521,174,39.9110617,250,49.43181818,210,62.13235294,350,0.07237764099,318,0.09413823893,190,NULL,11.35335545,344,10.64377073,37
2022,UTEP,46.93106704,284,35.00784929,94,76.2993763,32,9.680365297,130,49.7716895,172,33.46007605,168,64.57326892,1,6.515580737,17,37.55896226,181,32.44910549,32,48.47222222,240,49.79195562,146,0.1050448527,84,0.08344684559,75,NULL,8.639202837,133,10.30813975,55
2022,UTSA,43.90243902,344,28.69269949,351,68.5520362,281,6.262833676,305,52.97741273,300,37.66233766,340,64.95238095,3,9.494773519,233,33.90903857,272,38.74213836,222,44.42793462,308,55.88235294,307,0.0783237683,290,0.09481298268,200,NULL,8.1415496,87,9.172125498,163
2022,Utah,47.29605866,268,33.47457627,188,77.40740741,18,7.5,240,49.41666667,163,32.87037037,131,70.45454545,107,10.35747021,288,39.35519733,131,35.06493506,91,55.11288181,76,50.49627792,168,0.06763031934,340,0.09192008192,154,NULL,8.906246279,162,8.47760341,241
2022,Utah State,56.19389587,11,34.13654618,148,72.06703911,166,6.177260519,309,48.79140555,143,33.92857143,201,70.8411215,129,9.066427289,196,40.13970983,114,39.45799458,242,65.60726447,1,55.05050505,288,0.08965425414,210,0.0914295859,148,NULL,9.231725179,190,9.320491767,146
2022,Utah Valley,48.68421053,219,36.80981595,33,70.85346216,201,11.5658363,56,46.61921708,52,28.97897898,10,67.85009862,25,8.245614035,116,30.01841621,338,37.20670391,171,57.68707483,39,51.18549512,190,0.07694541231,299,0.1098528842,324,NULL,11.13046845,340,7.888114595,299
2022,VCU,51.23404255,116,34.67741935,108,69.56521739,249,14.6567718,12,45.64007421,30,27.82462057,4,70.30497592,101,6.978723404,36,29.68282466,341,35.4877319,104,56.20155039,53,53.57686454,244,0.1339199182,8,0.1118348791,334,NULL,10.61961457,318,11.46542458,17
2022,VMI,54.4966443,31,37.5696767,21,78.85985748,9,7.815845824,220,50.10706638,196,34.58382181,238,74.71783296,314,12.08053691,340,54.62850183,1,47.73363179,355,57.20053836,42,47.96854522,102,0.06452604087,346,0.09730117274,232,NULL,6.913504379,20,7.630460388,312
2022,Valparaiso,52.10325048,83,32.85714286,224,76.71840355,24,8.348294434,192,51.61579892,252,35.5799373,285,75.50505051,329,8.986615679,189,37.58949881,180,36.41552511,134,46.0106383,286,50.74812968,175,0.09173124226,183,0.08581309759,95,NULL,7.940177421,66,7.299045083,334
2022,Vanderbilt,49.95083579,169,33.83545771,170,69.60651289,247,9.377738826,148,50.21910605,200,30.12048193,27,73.08868502,258,12.58603736,346,45.90425532,23,39.56567797,243,48.375,241,56.01503759,310,0.1063621291,79,0.09449703108,193,NULL,9.74633056,254,10.29721011,57
2022,Vermont,58.89328063,3,36.76662321,37,74.6835443,79,7.038391225,266,45.24680073,21,34.4461305,230,68.43434343,42,8.893280632,178,43.11410905,55,37.59269823,181,54.89749431,80,43.49030471,30,0.07980407383,281,0.07502538677,24,NULL,7.359178066,37,9.222866018,156
2022,Villanova,50.34895314,152,35.90643275,59,82.33215548,1,7.177033493,259,48.22966507,121,31.00381194,44,74.50980392,309,10.86739781,309,46.01722282,22,42.95851528,330,49.01477833,225,50,148,0.09687564295,137,0.07289186727,14,NULL,8.229726949,94,9.123240161,169
2022,Virginia,50.25641026,157,32.19315895,251,73.93162393,101,13.87559809,21,47.65550239,91,33.85335413,194,70.45454545,107,10,268,29.81403719,340,38.01897983,194,59.89304813,19,52.02797203,205,0.09703196347,135,0.09391863844,186,NULL,6.95309257,23,8.613532586,226
2022,Virginia Tech,52.56183746,67,39.27680798,3,74.291939,89,9.475465313,142,49.40778342,162,31.70028818,74,74.41860465,307,9.363957597,223,41.46845915,95,36.99360341,161,55.38461538,70,50.62189055,172,0.08434843081,251,0.09825694865,241,NULL,7.133723669,29,10.40895529,47
2022,Wagner,53.00092336,59,28.54077253,352,72.08835341,165,8.20451843,198,50.41617122,208,29.74452555,19,66.66666667,10,7.386888273,57,30.08392511,335,39.45284377,240,51.90947666,150,51.78875639,202,0.118074226,33,0.09035727154,143,NULL,8.980293245,170,10.47700879,42
2022,Wake Forest,58.74769797,4,35.06988564,90,73.28881469,120,9.887459807,114,46.78456592,58,32.48587571,114,70.30411449,100,7.550644567,70,42.0181527,85,36.2704918,127,52.95404814,124,49.01477833,132,0.08842556973,221,0.1057639167,299,NULL,8.235714828,95,8.625827635,224
2022,Washington,46.17760618,313,31.23028391,289,70.14925373,229,10.51792829,87,49.80079681,173,33.48765432,170,71.95121951,187,9.498069498,234,32.86677035,290,34.05149764,67,40.95477387,345,54.27553444,267,0.1161542002,36,0.07407569747,21,NULL,9.336167788,202,10.4757939,43
2022,Washington State,46.15384615,314,33.99339934,161,74.62932455,82,12.86885246,33,46.72131148,56,31.73652695,77,73.92795883,292,9.178321678,203,44.27666829,40,35.38135593,102,45.63918757,292,48.33759591,113,0.09388753056,162,0.07302363488,15,NULL,9.388753056,206,11.47514262,16
2022,Weber State,54.536862,29,34.59214502,112,75.38461538,57,7.116788321,264,49.17883212,156,38.1294964,346,72.76507277,241,5.198487713,1,38.48837209,158,38.8051368,224,40.44665012,350,50.74626866,174,0.1037017665,90,0.07368283406,18,NULL,8.960196488,168,9.869861106,90
2022,West Virginia,45.68,319,32.75590551,227,72.39353891,155,13.10043668,30,51.70305677,260,32.43647235,112,71.24394184,156,7.52,68,33.68700265,275,36.87982359,155,44.41591784,310,53.15203956,234,0.1137293948,44,0.1008961168,265,NULL,8.053988273,76,11.10742339,24
2022,Western Carolina,48.96401309,209,31.26293996,288,67.7480916,301,6.956521739,274,52.65700483,286,35.96792669,299,71.71532847,181,11.45038168,331,51.30111524,3,45.75471698,345,51.6644474,154,53.31781141,236,0.06832556207,335,0.09002354462,138,NULL,8.72535894,143,7.571210932,316
2022,Western Illinois,50.13774105,159,33.46405229,189,71.61172161,176,6.298533218,302,50.81967213,224,37.65323993,339,77.49546279,357,8.080808081,99,41.26213592,98,33.00578035,39,40.89775561,346,44.40298507,44,0.08687332343,235,0.07372492853,20,NULL,8.687332343,137,8.593415237,228
2022,Western Kentucky,52.0361991,85,35.91772152,58,71.58671587,177,15.8685446,6,48.54460094,133,35.49571603,280,72.16828479,202,8.14479638,102,36.3845711,207,43.41126461,331,49.25187032,215,59.60346964,344,0.1157982784,37,0.09491662168,201,NULL,8.115371154,85,8.210287775,268
2022,Western Michigan,48.88888889,212,33.19444444,204,69.97389034,232,6.606606607,287,55.25525526,342,33.82789318,193,69.67871486,74,12.98245614,350,45.71428571,25,40.28690974,264,43.83561644,316,48.84615385,127,0.07781530856,294,0.1065963131,306,NULL,9.646966336,236,7.248549291,338
2022,Wichita State,46.65970772,297,31.16691285,292,75.28957529,59,12.64822134,38,47.23320158,74,31.57894737,69,70.781893,127,11.1691023,322,41.40672783,97,36.78950656,150,51.06382979,165,52.25903614,210,0.1096702097,53,0.09719587307,229,NULL,8.939941267,166,9.147846878,166
2022,William & Mary,45.54079696,321,31.06508876,294,70.03816794,231,8.287292818,195,55.70902394,346,33.72859025,185,70.25948104,96,14.42125237,357,39.07514451,141,41.13821138,282,50.43478261,182,52.26480836,211,0.09086997677,196,0.1289619367,356,NULL,10.23434587,289,8.857528038,208
2022,Winthrop,56.96489241,6,37.04268293,29,69.49740035,253,7.692307692,229,49.08906883,151,35.8974359,294,70.88607595,132,8.267270668,121,42.62508122,68,40.15748031,259,49.86595174,200,44.53665284,46,0.0904653031,200,0.1043069888,288,NULL,10.72730643,325,10.23296051,60
2022,Wisconsin,48.92703863,210,31.20243531,291,74.19354839,94,7.480653482,241,49.87102322,178,32.26351351,98,68.04123711,29,9.012875536,191,36.05927552,217,33.73219373,59,44.25806452,311,46.04409857,62,0.0787864958,286,0.06917838656,6,NULL,5.812906093,2,8.983582143,193
2022,Wofford,55.50181378,18,34.83709273,99,77.34204793,20,4.933814681,345,53.30926594,307,36.1878453,307,73.87387387,289,9.068923821,197,49.10769231,10,46.55948553,350,51.42469471,158,50.35460993,162,0.1019225721,102,0.09270344501,165,NULL,8.399649161,110,9.526431366,125
2022,Wright State,53.20610687,53,33.01587302,212,76.61691542,27,7.398753894,243,51.63551402,257,33.78378378,189,71.25984252,158,6.79389313,30,32.4742268,296,34.15384615,68,50.71823204,174,41.1036036,14,0.08321061592,262,0.1072978995,312,NULL,7.182390006,32,10.16045415,64
2022,Wyoming,54.40613027,32,32.93333333,219,72.33082707,157,5.606694561,333,48.36820084,126,30.08130081,24,72.23382046,208,8.524904215,139,41.80602007,90,38.17899638,202,43.43558282,326,42.25,24,0.05555053744,355,0.07722879595,34,NULL,9.303585945,198,10.11652064,65
2022,Xavier,51.24172185,115,32.24852071,249,70.23809524,225,11.74055829,53,48.27586207,123,32.32758621,102,74.23312883,300,9.602649007,240,35.88110403,224,36.36363636,132,55.79450418,63,48.46248462,118,0.1076638175,71,0.09520684688,207,NULL,6.984801384,24,7.563160734,319
2022,Yale,50.51546392,144,32.89473684,222,73.72262774,105,9.190809191,155,51.14885115,233,30.38516405,34,68.05293006,31,9.653233365,243,36.29850746,209,41.18683901,285,46.54939107,282,48,103,0.08501126766,248,0.1025998058,277,NULL,8.159127413,88,9.722553025,103
2022,Youngstown State,50.90218424,128,34.53453453,118,76.07843137,37,6.666666667,285,50.4109589,206,34.95145631,257,72.24409449,209,8.547008547,141,38.7434555,148,36.07705779,124,45.69190601,290,50.13020833,153,0.07452397809,310,0.08595098806,97,NULL,8.595098806,128,9.787482456,97