Season,TeamName,eFGPct,RankeFGPct,TOPct,RankTOPct,ORPct,RankORPct,FTRate,RankFTRate
2022,Abilene Christian,47.83372365,273,17.54522257,118,27.90917692,178,38.46604215,15
2022,Air Force,50.86986778,133,21.47424789,334,19.56769056,353,26.79192763,278
2022,Akron,52.79329609,57,17.82163264,129,29.01921132,147,40.09931719,5
2022,Alabama,51.46912351,108,19.79272851,270,35.52631579,12,33.56573705,80
2022,Alabama A&M,41.25288684,358,19.58407834,259,28.65748709,158,33.54503464,81
2022,Alabama State,47.71126761,277,21.59012426,337,29.50513539,130,36.85446009,37
2022,Albany (NY),46.23779437,320,18.6963791,206,26.13953488,245,25.04307869,316
2022,Alcorn State,45.81442259,333,20.37239985,298,31.91153239,61,32.42561775,110
2022,American,49.59700633,193,20.27685709,292,25.07345739,280,25.56131261,305
2022,Appalachian State,48.35133599,256,16.02403605,40,26.31578947,237,27.57248437,266
2022,Arizona,55.91758505,10,17.9988349,142,34.54706927,16,35.12218495,57
2022,Arizona State,47.09022958,294,17.28961864,101,24.87223169,285,21.24933262,356
2022,Arkansas,49.2,219,17.3707891,112,30.89092423,85,37.9,23
2022,Arkansas-Pine Bluff,46.64179104,309,19.73635027,268,24.97579864,282,33.58208955,79
2022,Arkansas State,49.30795848,211,20.61741088,311,29.35779817,135,34.46366782,66
2022,Army,48.820059,233,18.91568199,218,29.84934087,124,32.09439528,119
2022,Auburn,50.36891294,154,16.71153225,65,33.13953488,42,31.62813576,133
2022,Austin Peay,50.36891294,311,21.33185195,327,29.51991828,129,25.72368421,301
2022,BYU,51.23180291,120,18.62464183,200,30.87248322,86,28.05151176,252
2022,Ball State,51.33954572,113,19.54699152,254,26.83379759,220,38.14793244,18
2022,Baylor,52.87474333,54,18.16881096,160,36.33125557,7,28.54209446,235
2022,Bellarmine,53.34375,42,14.96411459,18,22.40802676,328,22.0625,348
2022,Belmont,55.68181818,12,16.81017037,67,24.35643564,295,25.89852008,299
2022,Bethune-Cookman,45.42961609,338,19.79328987,271,27.81007752,180,28.82388787,227
2022,Binghamton,48.81940013,234,18.81462384,214,26.65975104,229,23.22910019,340
2022,Boise State,51.14142539,122,18.52012216,191,30.6010929,95,35.18930958,54
2022,Boston College,47.83755274,272,17.91871605,135,30.03412969,112,29.58860759,200
2022,Boston University,52.36373749,74,18.36414732,177,31.06423778,79,28.92102336,223
2022,Bowling Green State,48.63417247,242,16.46768217,54,29.8951049,120,31.92287092,126
2022,Bradley,51.06812933,124,19.91672748,278,31.85755534,62,27.30946882,268
2022,Brown,49.41897999,206,19.07747545,227,28.16753927,170,31.56875403,137
2022,Bryant,49.73074852,187,19.10324686,228,33.03964758,43,32.74098008,103
2022,Bucknell,52.76536313,59,19.30722453,240,21.875,338,28.32402235,242
2022,Buffalo,51.59867696,102,18.56906765,197,36.97083725,6,25.57883131,304
2022,Butler,47.08823529,295,18.21708281,164,27.10280374,207,30.23529412,179
2022,California Baptist,50.27289266,162,20.45211198,302,27.86885246,179,37.41661613,31
2022,Cal Poly,46.14825581,323,22.58791799,351,27.30375427,198,36.26453488,41
2022,Cal State Bakersfield,44.35369318,350,18.01536878,143,32.00455581,57,29.47443182,207
2022,Cal State Fullerton,49.21334172,217,18.092862,152,29.01168969,148,35.74575205,49
2022,Cal State Northridge,44.37660668,349,18.54969005,193,26.79097154,221,29.56298201,205
2022,California,46.91323693,299,17.13961746,94,25.31760436,272,25.30589544,311
2022,Campbell,51.29124821,115,16.36349913,50,22.22222222,332,26.32711621,289
2022,Canisius,45.43991416,337,16.91077947,74,28.03660566,173,30.20386266,180
2022,Central Arkansas,48.15019326,263,18.82485491,215,26.20817844,242,23.13638874,342
2022,Central Connecticut State,46.01139601,327,20.56879001,308,26.26441881,240,29.11680912,216
2022,Central Michigan,47.75943396,276,19.63468392,262,25.36764706,269,30.48349057,166
2022,College of Charleston,50.34381139,157,20.87127122,320,35.65004088,10,30.40275049,169
2022,Charleston Southern,46.13466334,324,21.45236594,333,26.33079848,235,28.36658354,239
2022,Charlotte,52.85630153,56,17.23762256,100,22.68041237,319,27.97408716,254
2022,Chattanooga,52.77927685,58,16.99881032,84,32.65895954,48,26.98327037,273
2022,Chicago State,45.84263393,332,22.06216037,347,31.48464164,70,29.296875,212
2022,Cincinnati,46.8766001,301,15.22819496,23,30.12145749,110,29.64669739,198
2022,Clemson,52.40899358,72,16.3879844,51,25.80348944,256,29.76445396,191
2022,Cleveland State,53.15694528,46,19.63401507,261,33.92857143,21,36.07937462,46
2022,Coastal Carolina,49.71651311,188,20.5314369,307,33.86727689,22,32.53012048,107
2022,Colgate,55.86080586,11,16.89748377,73,26.59380692,231,26.73992674,280
2022,Colorado,50.3517316,155,19.69869353,266,29.99088423,116,34.63203463,62
2022,Colorado State,55.20176545,18,15.18934665,22,21.77879133,340,30.39092055,170
2022,Columbia,48.53542234,249,21.45164582,332,27.52688172,187,26.08991826,293
2022,Connecticut,49.59390863,194,17.35665062,110,37.88135593,2,30.60913706,162
2022,Coppin State,46.02917342,326,19.46656954,250,20.08032129,351,34.57590492,64
2022,Cornell,53.50815025,38,19.61871455,260,26.06635071,246,32.24663359,116
2022,Creighton,50.9009009,131,20.5052285,305,28.5971223,162,25.96714361,297
2022,Dartmouth,48.15618221,261,17.36966953,111,23.73081464,305,24.51193059,326
2022,Davidson,55.64746149,14,14.83508996,15,23.58299595,307,32.91500285,97
2022,Dayton,53.96825397,29,19.37535638,243,30.62438057,93,31.34920635,139
2022,DePaul,48.7519915,239,17.35031076,108,31.6925734,65,33.40414233,86
2022,Delaware,53.54785479,36,18.37876232,179,26.84108527,219,34.59845985,63
2022,Delaware State,44.98154982,345,25.64826846,357,26.9751693,214,32.39852399,111
2022,Denver,52.74592637,60,18.56204716,195,23.68148914,306,31.98551599,122
2022,Detroit Mercy,52.56329114,67,18.10387852,154,27.9956427,176,23.03797468,343
2022,Dixie State,46.51457541,312,21.01864455,321,26.95652174,215,35.17110266,56
2022,Drake,50.57955743,145,15.78128344,36,30.47445255,100,28.39831401,237
2022,Drexel,52.00486027,86,16.39344262,52,25.61105207,262,25.39489672,309
2022,Duke,55.62015504,15,14.94003059,17,31.81419807,63,28.58527132,232
2022,Duquesne,45.35830619,341,16.8662589,68,29.20962199,144,21.87839305,349
2022,East Carolina,47.15942029,291,18.68350904,205,27.62430939,185,33.50724638,82
2022,East Tennessee State,51.76174497,100,16.95458862,78,30.62200957,94,21.70022371,354
2022,Eastern Illinois,44.24931129,351,24.27550357,356,20.77244259,346,31.19834711,144
2022,Eastern Kentucky,48.37106571,253,15.64388642,33,28.73462214,155,21.70071784,353
2022,Eastern Michigan,48.15550511,262,19.20431061,232,23.33028362,312,29.79568672,188
2022,Eastern Washington,52.74509804,61,18.27788738,170,25.36023055,270,33.16526611,92
2022,Elon,48.98203593,228,19.90582059,276,25.43352601,268,25.86826347,300
2022,Evansville,46.99149771,297,17.17549734,95,14.16837782,358,24.5912361,325
2022,FIU,49.94298746,176,20.09375487,287,27.04225352,211,24.62941847,324
2022,Fairfield,49.25701706,214,16.89245296,72,27.45454545,189,26.58227848,284
2022,Fairleigh Dickinson,46.36655949,318,19.37832388,244,27.80638517,181,27.78135048,258
2022,Florida,49.91698949,180,18.47650486,188,31.68761221,66,34.69839513,60
2022,Florida A&M,45.85180494,331,18.80819614,211,25.87991718,253,29.70234326,196
2022,Florida Atlantic,53.48229832,40,19.77091422,269,31.20638086,76,29.54149739,206
2022,Florida Gulf Coast,52.86975717,55,18.93860078,219,30.2238806,107,29.58057395,201
2022,Florida State,49.0228013,227,18.05626837,149,31.6262354,67,30.29315961,175
2022,Fordham,45.7486631,334,18.88252245,216,27.15231788,206,29.73262032,192
2022,Fresno State,50.06138735,172,17.95930934,138,27.37487232,196,30.6936771,159
2022,Furman,55.64928425,13,15.71611636,35,27.42081448,191,23.26175869,339
2022,Gardner-Webb,49.93642721,177,20.02247955,284,26.94300518,216,28.54418309,234
2022,George Mason,52.97265161,51,17.96252899,139,24.94969819,284,29.13198573,214
2022,George Washington,48.89768231,231,17.91252873,133,23.22761194,316,26.00339175,296
2022,Georgetown,46.17983368,322,18.80493289,210,32.26863227,53,29.002079,219
2022,Georgia,50.17391304,168,20.67946824,312,25.83095916,255,39.01449275,10
2022,Georgia Southern,47.84452297,271,21.28254587,326,28.63636364,159,31.59010601,136
2022,Georgia State,45.06213211,344,16.92487768,76,32.81733746,44,30.15042511,181
2022,Georgia Tech,49.58240535,195,18.94549118,220,25.02334267,281,25,318
2022,Gonzaga,59.44229707,2,15.89277054,38,28.9978678,149,29.81778023,186
2022,Grambling,44.58285052,346,19.94552791,279,27.41792369,192,33.37195829,88
2022,Grand Canyon,49.88179669,183,19.20965619,234,34.91912464,14,31.02836879,152
2022,Green Bay,46.51011089,314,19.94986006,281,26.70157068,225,32.02870189,120
2022,Hampton,44.17475728,352,18.16287238,159,21.9978746,335,36.61581137,39
2022,Hartford,53.29021372,45,18.14679878,157,23.75478927,304,27.61529809,263
2022,Harvard,49.53068592,199,17.44921642,115,25.20515826,274,24.4765343,327
2022,Hawaii,50.43041607,150,19.71657425,267,29.05569007,146,32.4964132,109
2022,High Point,48.93357709,229,19.49237566,251,27.41463415,193,33.8817794,72
2022,Hofstra,53.41949381,41,14.66298128,12,23.26923077,314,21.70166936,352
2022,Holy Cross,45.10278114,343,18.21889696,165,27.27272727,202,28.59733978,231
2022,Houston,53.5521803,34,17.12385887,91,37.80183181,3,28.71141597,229
2022,Houston Baptist,48.81615599,235,20.71579994,315,29.29292929,140,37.81337047,24
2022,Howard,50.43449198,149,20.69289443,314,28.00441014,174,36.22994652,42
2022,IUPUI,42.40645635,356,26.07508332,358,30.0110742,113,24.94497432,322
2022,Idaho,50.21109771,167,18.48622885,189,23.30383481,313,33.83594692,75
2022,Idaho State,47.41089442,285,21.12776201,322,27.55741127,186,33.01950235,94
2022,Illinois,53.12157722,47,17.69174366,123,33.4264432,34,31.65388828,130
2022,Illinois-Chicago,51.14613181,121,17.23361048,98,24.95107632,283,22.9226361,346
2022,Illinois State,51.77975528,99,19.55610386,257,28.59848485,161,31.31256952,140
2022,Incarnate Word,48.35962145,254,20.10382736,288,22.55102041,324,27.44479495,267
2022,Indiana,51.00775194,127,17.19259132,97,27.40805604,194,33.48837209,83
2022,Indiana State,50.60586735,144,19.1622216,229,17.33046286,357,26.40306122,288
2022,Iona,50.68855932,138,17.76471693,127,31.61572052,68,37.5529661,27
2022,Iowa,53.61258865,33,12.95001034,3,32.24806202,55,30.36347518,173
2022,Iowa State,49.88808058,181,20.39898005,300,28.22429907,168,28.14773363,249
2022,Jackson State,45.32902468,342,19.8949847,275,31.40186916,72,26.49823737,287
2022,Jacksonville,48.632946,244,18.64484529,201,33.632287,29,30.48530417,165
2022,Jacksonville State,54.17721519,25,19.96539503,282,28.34224599,166,32.15189873,117
2022,James Madison,51.08073744,123,17.71597921,125,25.88996764,252,30.64208519,161
2022,Kansas,54.09876543,27,17.78344988,128,33.39253996,35,32.79012346,100
2022,Kansas State,49.3816751,209,16.88974814,70,25.18382353,275,29.56717257,203
2022,Kennesaw State,51.8494898,97,17.4220034,114,28.73931624,154,29.71938776,193
2022,Kent State,49.71264368,189,18.70167236,207,31.06796117,78,32.52873563,108
2022,Kentucky,53.32850941,43,16.63355559,59,37.79946761,4,27.15870719,271
2022,LIU,48.40659341,251,18.46088805,186,30.55062167,97,30.38461538,172
2022,LSU,49.5150587,201,20.47854223,304,33.78492803,26,32.97600817,96
2022,La Salle,47.77158774,275,18.5740217,198,28.96613191,150,25.12534819,314
2022,Lafayette,50.6231454,143,16.45984697,53,22.34251969,331,20.9495549,357
2022,Lamar,44.473342,348,21.70061394,340,30,114,26.20286086,292
2022,Lehigh,52.08574739,81,19.20847433,233,21.48514851,342,25.14484357,312
2022,Liberty,55.52810377,16,17.97449024,141,22.18649518,333,28.35083385,241
2022,Lipscomb,52.30815348,77,18.95577773,222,22.66260163,320,33.87290168,74
2022,Little Rock,47.91200597,269,20.34486307,296,23.50835322,308,32.28933632,114
2022,Long Beach State,49.19401267,220,18.18107653,161,27.40247383,195,36.96027634,34
2022,Longwood,51.49906309,104,18.55365802,194,34.09326425,19,35.72767021,50
2022,Louisiana State,48.67629362,240,21.93917972,344,33.62487852,30,35.55956679,52
2022,Louisiana-Monroe,50.21498771,165,18.94645456,221,24.68879668,288,26.04422604,295
2022,Louisiana Tech,51.88261351,96,16.87470301,69,25.96685083,248,31.17386489,145
2022,Louisville,48.77789586,237,17.95060141,136,27.28828058,201,25.07970244,315
2022,Loyola (IL),56.28724672,7,18.34152007,175,25.13144059,278,31.94278903,125
2022,Loyola (MD),50.40073983,152,18.2123608,163,25.1565762,277,24.96917386,321
2022,Loyola Marymount,51.8904824,95,19.17167844,230,24.4173141,294,31.09517601,146
2022,Maine,46.85147159,302,19.41705242,248,24.01315789,297,20.39698836,358
2022,Manhattan,48.30721003,258,20.51584812,306,29.9591002,118,41.37931034,3
2022,Marist,50.40299367,151,18.25001537,166,26.51880424,233,24.98560737,320
2022,Marquette,52.57871878,66,17.29255099,102,22.36842105,330,26.81867535,277
2022,Marshall,49.40995382,208,18.07048819,150,27.25738397,203,24.32016419,328
2022,Maryland,49.36951754,210,16.92031818,75,27.2972973,199,33.88157895,73
2022,Maryland-Eastern Shore,45.96464258,329,21.88359658,342,27.67220903,184,31.82167563,128
2022,Massachusetts,51.28879537,116,16.56046691,58,29.33450088,137,32.77222514,101
2022,McNeese State,48.57224443,248,22.01682418,346,33.30316742,37,37.46430611,30
2022,Memphis,52.59301015,65,22.89753129,352,37.46369797,5,38.44419391,16
2022,Mercer,53.04477612,49,18.30775333,174,24.68619247,289,29.43283582,211
2022,Merrimack,48.63370202,243,18.46331896,187,22.49742002,326,25.95966168,298
2022,Miami (FL),54.15133999,26,14.17987643,8,23.41831917,310,28.8491855,225
2022,Miami (OH),50.27932961,161,14.98591969,20,25.96425212,249,23.68715084,336
2022,Michigan,52.31326644,75,17.10657564,89,31.15577889,77,28.92976589,222
2022,Michigan State,51.98966408,89,19.23295102,235,30.66546763,91,30.3875969,171
2022,Middle Tennessee,50.92385218,130,19.39270222,245,30.3286385,105,32.64277716,106
2022,Milwaukee,47.66301212,279,19.56607119,258,25.87017874,254,27.98615118,253
2022,Minnesota,50.67686875,139,13.95066721,6,17.72151899,356,23.60211889,337
2022,Mississippi,49.56140351,198,18.02725989,145,26.66666667,226,28.67324561,230
2022,Mississippi State,49.51219512,203,19.50060519,252,34.39201452,17,38.42818428,17
2022,Mississippi Valley State,44.52533489,347,18.07305127,151,23.48353553,309,31.39196273,138
2022,Missouri,47.0505618,296,21.64906039,339,31.39963168,73,29.88764045,185
2022,Missouri State,54.63059313,22,15.49484153,29,25.79737336,257,27.67950052,260
2022,Monmouth,47.46736292,284,17.31526397,104,29.38741722,134,36.91906005,35
2022,Montana,50.22727273,164,15.66452242,34,18.09317443,355,38.50649351,14
2022,Montana State,53.83076043,32,18.45733421,185,26.73956262,223,40.30874786,4
2022,Morehead State,52.42832066,71,20.36640031,297,30.70866142,90,28.96430661,220
2022,Morgan State,46.37834037,317,21.39676571,330,31.47321429,71,31.08298172,147
2022,Mount St. Mary's,48.61111111,245,20.05949404,286,30.97880928,81,26.2962963,291
2022,Murray State,52.93948127,52,17.12394413,92,35.53149606,11,31.06628242,150
2022,N.C. State,47.97094188,267,14.53511336,11,30.20833333,108,29.10821643,217
2022,NJIT,46.49350649,315,18.72285286,208,23.23943662,315,30.97402597,154
2022,Navy,47.48263889,282,19.85678295,274,33.82084095,23,30.78703704,157
2022,Nebraska,50.34666667,156,17.13007351,93,20.68361087,348,33.33333333,91
2022,Omaha,49.26253687,213,19.3049726,239,24.61685824,291,28.31858407,243
2022,Nevada,50.64027939,142,18.43155048,183,24.5320197,292,31.95576251,124
2022,New Hampshire,50.9252913,129,14.80677012,13,27.92792793,177,25.3598355,310
2022,New Mexico,49.4140625,207,16.11480054,42,24.00362319,298,32.75669643,102
2022,New Mexico State,52.23880597,79,20.68294163,313,33.15677966,41,35.44776119,53
2022,New Orleans,50.03078818,173,19.33494458,241,25.44132918,267,42.1182266,1
2022,Niagara,49.25140362,215,16.66644898,63,23.08499475,318,28.13474735,250
2022,Nicholls State,52.49861188,69,17.34888836,107,30.20134228,109,21.87673515,350
2022,Norfolk State,51.48809524,106,19.96873317,283,30,114,39.08730159,9
2022,North Alabama,43.24155194,355,17.04891971,87,25.53191489,263,23.84230288,333
2022,North Carolina,52.06057597,83,16.49511038,55,30.42350908,103,29.64250248,199
2022,North Carolina A&T,46.59624413,310,18.28837021,173,29.16283349,145,28.16901408,248
2022,North Carolina Central,47.69736842,278,23.74795025,354,32.63378804,49,37.76315789,26
2022,North Dakota,47.17147908,290,17.50013983,117,26.7644363,222,31.64407778,131
2022,North Dakota State,51.82128628,98,16.95786228,79,24.75633528,287,33.40922026,85
2022,North Florida,48.11932555,264,21.60109039,338,25.17985612,276,30.35019455,174
2022,North Texas,51.33836651,114,18.62287263,199,31.39158576,74,38.02333562,20
2022,Northeastern,50.12315271,170,21.17916078,325,26.34351949,234,30.60344828,163
2022,Northern Arizona,47.92761238,268,20.45960335,303,28.94977169,151,27.72913018,259
2022,Northern Colorado,56.04575163,9,16.89207718,71,21.32564841,344,31.59041394,135
2022,Northern Illinois,47.20704311,289,19.84907442,273,24.28298279,296,33.09046752,93
2022,Northern Iowa,52.6006192,63,16.25568949,45,21.2379936,345,34.30340557,68
2022,Northern Kentucky,49.514008,202,19.94773793,280,35.97733711,9,26.64379646,282
2022,Northwestern,49.03743316,225,14.08711328,7,25.74955908,259,25.13368984,313
2022,Northwestern State,49.46778711,205,20.12029969,289,27.77777778,182,24.9859944,319
2022,Notre Dame,53.9907461,28,15.48496708,28,22.12121212,334,27.64603817,262
2022,Oakland,49.13444893,222,18.03457029,146,30.71705426,89,34.04500866,71
2022,Ohio,50.79030558,136,15.38095076,25,26.86695279,218,30.50579557,164
2022,Ohio State,54.78658537,20,16.63727331,60,28.83569097,153,33.47560976,84
2022,Oklahoma,54.68403548,21,21.98151057,345,25.74257426,260,27.93791574,255
2022,Oklahoma State,48.04260219,265,21.40730589,331,32.27906977,52,32.98791019,95
2022,Old Dominion,46.94285714,298,18.41202398,180,32.39564428,50,34.34285714,67
2022,Oral Roberts,53.92798691,30,13.27845891,4,26.61596958,230,22.96781233,344
2022,Oregon,51.41025641,110,17.10732654,90,29.55536181,127,29.79487179,189
2022,Oregon State,49.19220056,221,18.2087334,162,26.21722846,241,27.57660167,265
2022,Pacific,46.20689655,321,17.35513851,109,22.55489022,323,32.28840125,115
2022,Pennsylvania,51.28052412,117,16.98023675,81,25.35496957,271,24.12150089,330
2022,Penn State,50.49649533,148,18.56336778,196,28.47152847,164,21.78738318,351
2022,Pepperdine,47.47718733,283,20.37461924,299,26.30662021,239,23.93988191,332
2022,Pittsburgh,46.68711656,308,21.16981476,324,30.45148895,102,39.38650307,7
2022,Portland,49.56242707,197,18.27618122,169,23.95326193,300,33.3722287,87
2022,Portland State,47.10884354,293,16.99202902,83,26.14678899,244,31.63265306,132
2022,Prairie View,48.38177015,252,24.02096745,355,31.69690502,64,38.50726552,13
2022,Presbyterian,45.42232723,339,19.5476124,255,33.23996265,38,30.24217366,178
2022,Princeton,56.66089965,5,14.4594993,10,24.79591837,286,21.28027682,355
2022,Providence,50.26849642,163,17.3285556,106,30.5019305,99,38.54415274,12
2022,Purdue,56.96300103,4,17.29465329,103,35.21256932,13,36.27954779,40
2022,Purdue-Fort Wayne,53.29218107,44,19.41342364,247,22.58726899,322,26.74897119,279
2022,Quinnipiac,50,174,18.67438349,204,28.59903382,160,26.98863636,272
2022,Radford,46.51240778,313,20.58251332,309,28.9446186,152,27.83366868,256
2022,Rhode Island,50.55248619,147,20.79922493,317,28.57142857,163,36.09576427,44
2022,Rice,53.04193739,50,18.27812818,171,25.65392354,261,32.01417602,121
2022,Richmond,51.4985015,105,14.41888327,9,22.43861135,327,30.86913087,156
2022,Rider,45.61177078,336,17.41263999,113,29.43143813,132,27.20702117,270
2022,Robert Morris,50.90063916,132,20.80038853,318,28.19472617,169,28.18128995,247
2022,Rutgers,49.52380952,200,17.32370635,105,29.40074906,133,26.94677871,274
2022,SIU Edwardsville,46.68815944,307,21.48336991,335,31.01207057,80,34.52520516,65
2022,SMU,52.09988649,80,17.65155551,121,27.76203966,183,35.86833144,47
2022,Sacramento State,48.79032258,236,16.66446053,62,21.40540541,343,28.29301075,244
2022,Sacred Heart,50.81018519,134,19.64438184,263,30.95004897,83,24.94212963,323
2022,Saint Joseph's,49.66178129,192,19.55518001,256,27.0120259,213,22.94250282,345
2022,Saint Louis,50.79405738,135,18.81410187,213,33.80158033,24,32.83811475,99
2022,Saint Mary's,52.59555048,64,17.018451,85,27.24425887,204,23.2173417,341
2022,Saint Peter's,47.81921618,274,20.80437609,319,31.5,69,37.48419722,29
2022,Sam Houston State,48.32291074,257,18.42737926,182,30.58510638,96,25.01421262,317
2022,Samford,51.97523585,91,19.35527672,242,29.87804878,123,29.06839623,218
2022,San Diego,46.72081829,305,18.48955174,190,26.31578947,237,25.45126354,306
2022,San Diego State,48.7625221,238,19.28538568,237,29.57198444,126,31.29051267,141
2022,San Francisco,53.07811692,48,18.13747989,155,30.23872679,106,28.40144853,236
2022,San Jose State,49.78658537,185,20.035074,285,21.97044335,336,22.5,347
2022,Santa Clara,54.51300357,23,16.15313682,43,23.37662338,311,27.58796532,264
2022,Seattle,48.35668103,255,16.28200619,46,26.02620087,247,28.82543103,226
2022,Seton Hall,47.57308329,281,17.45975128,116,32.67857143,47,30.77771649,158
2022,Siena,48.67365824,241,18.43994985,184,24.48979592,293,28.93275756,221
2022,South Alabama,51.67597765,101,19.40052937,246,26.66666667,226,31.00558659,153
2022,South Carolina,47.26925177,288,21.36894825,329,33.56890459,31,29.21900601,213
2022,South Carolina State,43.31476323,354,20.23199515,290,34.28571429,18,31.92200557,127
2022,South Dakota,52.00364299,87,15.15141886,21,26.66666667,226,34.12264724,70
2022,South Dakota State,59.69033636,1,15.27307142,24,24,299,35.18419648,55
2022,South Florida,41.2849162,357,19.06337101,224,29.88992379,122,25.41899441,308
2022,Southeast Missouri State,51.57322654,103,17.83534401,130,25.52986513,264,36.67048055,38
2022,Southeastern Louisiana,51.99878861,88,19.90622011,277,25.47834844,266,39.00666263,11
2022,Southern,49.22015597,216,20.42692268,301,27.44510978,190,33.59328134,78
2022,Southern Illinois,51.48195876,107,18.04144225,147,23.16684378,317,29.12371134,215
2022,Southern Miss,46.80667434,304,19.68287389,265,23.79182156,302,26.63981588,283
2022,Southern Utah,52.06155633,82,17.07706449,88,28.00387597,175,34.66898955,61
2022,State Bonaventure,50.40045767,153,15.79629261,37,27.29083665,200,26.54462243,285
2022,State Francis (NY),45.98290598,328,17.87867501,131,29.35278031,136,23.3048433,338
2022,St. Francis PA,46.88401616,300,18.05317458,148,30.40723982,104,29.77495672,190
2022,St. John's (NY),50.77211044,137,15.92019012,39,30.66453163,92,26.06457651,294
2022,St. Thomas (MN),52.02618454,84,12.60573893,1,20.70063694,347,23.69077307,335
2022,Stanford,49.80337079,184,22.31695669,349,33.76146789,27,29.94382022,184
2022,Stephen F. Austin,51.3618677,112,22.33295938,350,34.71164309,15,36.9001297,36
2022,Stetson,48.83643617,232,19.51274691,253,28.15217391,171,25.59840426,303
2022,Stony Brook,50.33519553,158,15.58328074,31,27.37430168,197,27.65363128,261
2022,Syracuse,52.46305419,70,15.38327829,26,29.47543714,131,28.27586207,245
2022,TCU,48.91067538,230,21.57259584,336,37.96889296,1,31.20915033,142
2022,Tarleton State,46.3259853,319,18.27577428,168,27.03862661,212,33.73413494,76
2022,Temple,45.40754258,340,18.54162952,192,32.72058824,46,39.6593674,6
2022,Tennessee,50.302267,160,17.95469723,137,32.80334728,45,29.57178841,202
2022,Tennessee-Martin,46.12884161,325,19.42451073,249,29.96289425,117,26.30023641,290
2022,Tennessee State,49.07192575,224,19.84062644,272,29.62245886,125,30.45243619,168
2022,Tennessee Tech,49.211528,218,19.07071663,226,30.97184378,82,24.03480152,331
2022,Texas,50,174,18.16260604,158,31.93517636,59,32.31118683,113
2022,Texas A&M,49.70311727,190,19.28107094,236,33.66013072,28,35.82384958,48
2022,Texas A&M-Corpus Chris,47.15206878,292,19.65009434,264,34.01885176,20,37.99032778,22
2022,Texas Southern,48.58017817,247,21.35231317,328,33.45356177,33,33.63028953,77
2022,Texas State,50.99928622,128,18.78546349,209,30.77858881,88,32.90506781,98
2022,Texas Tech,52.37206823,73,20.30391206,294,33.20999075,39,36.08742004,45
2022,The Citadel,51.953125,94,17.23602677,99,23.79110251,303,30.04807692,182
2022,Toledo,53.50302419,39,14.81695718,14,30.46594982,101,28.72983871,228
2022,Towson,51.97123069,92,17.97340669,140,36.07305936,8,34.20351625,69
2022,Troy,47.40717029,287,21.93193806,343,31.93193193,60,34.82714469,58
2022,Tulane,51.23419627,119,14.98495363,19,20.14242116,350,33.35340157,90
2022,Tulsa,49.56319161,196,19.0222925,223,26.70509126,224,31.04251602,151
2022,UAB,52.88509784,53,16.34397233,48,33.36267606,36,29.4530858,208
2022,UC Davis,48.60779634,246,17.91556706,134,26.15587847,243,29.43516309,210
2022,UC Irvine,47.58454106,280,20.58892343,310,29.89276139,121,29.71014493,194
2022,UC Riverside,50.67663818,140,18.34662641,176,22.38095238,329,26.85185185,276
2022,UC San Diego,51.98191933,90,18.88750941,217,18.55309218,354,32.68428373,105
2022,UC Santa Barbara,53.5483871,35,19.28907214,238,28.375,165,37.20430108,32
2022,UCF,49.88558352,182,19.06724128,225,30.82636955,87,28.54691076,233
2022,UCLA,50.55387714,146,13.37983549,5,31.95521102,58,29.80866062,187
2022,UMBC,52.56118384,68,16.18777823,44,21.87802517,337,31.07569721,149
2022,UMKC,52.30566535,78,15.61951088,32,21.61254199,341,31.62055336,134
2022,UMass Lowell,48.03149606,266,18.28769052,172,29.3,139,26.52937614,286
2022,UNC Asheville,49.933643,179,18.25754854,167,26.3214671,236,38.02256138,21
2022,UNC Greensboro,49.75369458,186,20.30205173,293,32.33779609,51,27.21674877,269
2022,UNC Wilmington,47.40888383,286,15.38366413,27,28.71467639,156,33.37129841,89
2022,UNLV,49.12231031,223,16.95264158,77,27.09090909,208,30.69082673,160
2022,USC,51.05020492,125,17.69881915,124,33.79191745,25,30.94262295,155
2022,USC Upstate,51.37278829,111,18.66351504,203,21.83316169,339,28.3709579,238
2022,UT Arlington,45.67861716,335,20.25480984,291,30.54726368,98,29.70550576,195
2022,UT Rio Grande Valley,49.47172157,204,20.76717934,316,24.65483235,290,41.39216905,2
2022,UTEP,49.02712264,226,16.9838874,82,22.53658537,325,28.36084906,240
2022,UTSA,43.60967185,353,17.62284787,120,29.53549518,128,25.44617156,307
2022,Utah,48.44357977,250,18.09825447,153,29.29020665,141,30.01667593,183
2022,Utah State,54.191295,24,18.37468377,178,25.9469697,250,28.85545406,224
2022,Utah Valley,50.64456722,141,22.11575687,348,32.02020202,56,38.12154696,19
2022,VCU,51.46618791,109,21.80310248,341,26.59137577,232,30.2812687,177
2022,VMI,55.51157125,17,16.64362165,61,22.61146497,321,25.63946407,302
2022,Valparaiso,51.04415274,126,16.52148718,57,20.28836251,349,26.90930788,275
2022,Vanderbilt,50.31914894,159,19.19603367,231,27.46419545,188,39.20212766,8
2022,Vermont,57.27937043,3,14.86171674,16,23.94957983,301,26.64418212,281
2022,Villanova,51.96447793,93,15.51891368,30,30.94582185,84,30.46286329,167
2022,Virginia,49.67006599,191,16.34495641,49,28.29614604,167,28.07438512,251
2022,Virginia Tech,55.19648397,19,16.95941853,80,28.10457516,172,23.73319545,334
2022,Wagner,49.93544222,178,18.0160204,144,33.47921225,32,32.14977405,118
2022,Wake Forest,56.16657768,8,18.8121065,212,27.08933718,209,31.9807795,123
2022,Washington,46.39709694,316,16.74373754,66,29.30890924,138,34.73302229,59
2022,Washington State,48.29517779,259,16.69111654,64,33.20095314,40,29.56648807,204
2022,Weber State,53.51744186,37,16.32847989,47,20.04048583,352,37.79069767,25
2022,West Virginia,46.84350133,303,18.14359996,156,29.93254637,119,36.12732095,43
2022,Western Carolina,47.90228359,270,17.7277134,126,28.66556837,157,27.82793415,257
2022,Western Illinois,50.1618123,169,16.0598252,41,29.28759894,142,29.44983819,209
2022,Western Kentucky,52.70581462,62,17.60703332,119,25.09765625,279,31.20322395,143
2022,Western Michigan,49.3015873,212,20.30659765,295,27.23535457,205,24.31746032,329
2022,Wichita State,46.69724771,306,18.65952857,202,32.26744186,54,31.68195719,129
2022,William & Mary,45.95375723,330,23.13053954,353,27.07034728,210,30.28901734,176
2022,Winthrop,56.36777128,6,21.15800531,323,25.31214529,273,37.49187784,28
2022,Wisconsin,48.16136114,260,12.73074475,2,25.92259226,251,32.32711306,112
2022,Wofford,53.90769231,31,17.66999366,122,26.91879867,217,28.24615385,246
2022,Wright State,52.01030928,85,17.91217995,132,31.33514986,75,31.08247423,148
2022,Wyoming,52.31326644,75,17.02646554,86,25.51594747,265,37.06800446,33
2022,Xavier,50.21231423,166,16.50548607,56,29.28321678,143,35.66878981,51
2022,Yale,50.08955224,171,18.41910799,181,25.79051383,258,32.71641791,104
2022,Youngstown State,51.25072717,118,17.19019761,96,30.06012024,111,29.66841187,197